Dropout_signaOUT,N_d,psi_0 ,x_0,X_d,y_0,Y_d,u_hat1,u_hat,u_real  ,Absolute Time
0.000000,0.000000,0.000000,0.000000,0.978500,0.000000,0.000000,1.000000,0.531696,0.029324,3571747844.825833
0.000000,0.000000,0.000000,0.000000,0.978500,0.000000,0.000000,1.000000,0.531696,0.029896,3571747844.835832
0.000000,0.000000,0.000000,0.000000,0.000000,0.000000,0.000000,1.000000,0.531696,0.029884,3571747844.845831
0.000000,0.000000,0.000000,0.000000,0.000000,0.000000,0.000000,0.000000,0.555105,0.029290,3571747844.855830
0.000000,0.000000,0.000000,0.000000,0.978500,0.000000,0.000000,1.000000,0.555105,0.029861,3571747844.865832
0.000000,0.000000,0.000000,0.000000,0.000000,0.000000,0.000000,0.000000,0.593217,0.030432,3571747844.875833
0.000000,0.000000,0.000000,0.000000,0.978500,0.000000,0.000000,1.000000,0.593217,0.030421,3571747844.885833
0.000000,0.000000,0.000000,0.000000,0.000000,0.000000,0.000000,0.000000,0.644342,0.030409,3571747844.895832
0.000000,0.000000,0.000000,0.000000,0.000000,0.000000,0.000000,0.000000,0.573876,0.030980,3571747844.905832
0.000000,0.000000,0.000000,0.000000,0.978500,0.000000,0.000000,1.000000,0.573876,0.030968,3571747844.915831
0.000000,0.000000,0.000000,0.000000,0.978500,0.000000,0.000000,0.000000,0.679845,0.031539,3571747844.925832
0.000000,0.000000,0.000000,0.000000,0.978500,0.000000,0.000000,1.000000,0.679845,0.031526,3571747844.935833
0.000000,0.000000,0.000000,0.000000,0.000000,0.000000,0.000000,0.000000,0.611829,0.031514,3571747844.945833
0.000000,0.000000,0.000000,0.000000,0.000000,0.000000,0.000000,0.000000,0.654642,0.032085,3571747844.955830
0.000000,0.000000,0.000000,0.000000,-0.978500,0.000000,0.000000,0.000000,0.575632,0.032655,3571747844.965832
0.000000,0.000000,0.000000,0.000000,-0.978500,0.000000,0.000000,0.000000,0.539908,0.033225,3571747844.975831
0.000000,0.000000,0.000000,0.000000,0.000000,0.000000,0.000000,0.000000,0.551369,0.033212,3571747844.985830
0.000000,0.000000,0.000000,0.000000,0.000000,0.000000,0.000000,0.000000,0.575342,0.033199,3571747844.995833
0.000000,0.000000,0.000000,0.000000,-0.978500,0.000000,0.000000,1.000000,0.575342,0.032604,3571747845.005832
0.000000,0.000000,0.000000,0.000000,0.000000,0.000000,0.000000,0.000000,0.571810,0.032009,3571747845.015831
0.000000,0.000000,0.000000,0.000000,0.000000,0.000000,0.000000,0.000000,0.567049,0.031996,3571747845.025831
0.000000,0.000000,0.000000,0.000000,-0.978500,0.000000,0.000000,0.000000,0.546957,0.031984,3571747845.035831
0.000000,0.000000,0.000000,0.000000,0.000000,0.000000,0.000000,1.000000,0.546957,0.031389,3571747845.045831
0.000000,0.000000,0.000000,0.000000,0.000000,0.000000,0.000000,0.000000,0.632111,0.031377,3571747845.055832
0.000000,0.000000,0.000000,0.000000,0.000000,0.000000,0.000000,0.000000,0.629601,0.031365,3571747845.065833
0.000000,0.000000,0.000000,0.000000,0.000000,0.000000,0.000000,0.000000,0.565268,0.030770,3571747845.075832
0.000000,0.000000,0.000000,0.000000,0.000000,0.000000,0.000000,0.000000,0.582176,0.030758,3571747845.085831
0.000000,0.000000,0.000000,0.000000,0.000000,0.000000,0.000000,0.000000,0.565652,0.030746,3571747845.095830
0.000000,0.000000,0.000000,0.000000,0.000000,0.000000,0.000000,1.000000,0.565652,0.030734,3571747845.105831
0.000000,0.000000,0.000000,0.000000,-0.978500,0.000000,0.000000,0.000000,0.519118,0.030722,3571747845.115832
0.000000,0.000000,0.000000,0.000000,0.000000,0.000000,0.000000,1.000000,0.519118,0.030711,3571747845.125834
0.000000,0.000000,0.000000,0.000000,0.000000,0.000000,0.000000,1.000000,0.519118,0.030699,3571747845.135832
0.000000,0.000000,0.000000,0.000000,0.000000,0.000000,0.000000,1.000000,0.519118,0.030687,3571747845.145833
0.000000,0.000000,0.000000,0.000000,0.000000,0.000000,0.000000,0.000000,0.587452,0.030092,3571747845.155832
0.000000,0.000000,0.000000,0.000000,0.000000,0.000000,0.000000,0.000000,0.606390,0.030081,3571747845.165831
0.000000,0.000000,0.000000,0.000000,0.000000,0.000000,0.000000,0.000000,0.580263,0.030069,3571747845.175833
0.000000,0.000000,0.000000,0.000000,-0.978500,0.000000,0.000000,1.000000,0.580263,0.030058,3571747845.185832
0.000000,0.000000,0.000000,0.000000,0.000000,0.000000,0.000000,0.000000,0.560156,0.030046,3571747845.195831
0.000000,0.000000,0.000000,0.000000,-0.978500,0.000000,0.000000,0.000000,0.548375,0.030034,3571747845.205833
0.000000,0.000000,0.000000,0.000000,-0.978500,0.000000,0.000000,1.000000,0.548375,0.030023,3571747845.215832
0.000000,0.000000,0.000000,0.000000,0.000000,0.000000,0.000000,0.000000,0.592205,0.029429,3571747845.225832
0.000000,0.000000,0.000000,0.000000,0.978500,0.000000,0.000000,0.000000,0.604871,0.029417,3571747845.235833
0.000000,0.000000,0.000000,0.000000,0.000000,0.000000,0.000000,0.000000,0.541982,0.028823,3571747845.245833
0.000000,0.000000,0.000000,0.000000,-0.978500,0.000000,0.000000,0.000000,0.603221,0.028229,3571747845.255832
0.000000,0.000000,0.000000,0.000000,0.978500,0.000000,0.000000,0.000000,0.591109,0.028218,3571747845.265832
0.000000,0.000000,0.000000,0.000000,0.978500,0.000000,0.000000,1.000000,0.591109,0.028790,3571747845.275831
0.000000,0.000000,0.000000,0.000000,0.000000,0.000000,0.000000,0.000000,0.587067,0.028779,3571747845.285834
0.000000,0.000000,0.000000,0.000000,0.978500,0.000000,0.000000,1.000000,0.587067,0.028185,3571747845.295833
0.000000,0.000000,0.000000,0.000000,0.000000,0.000000,0.000000,0.000000,0.611434,0.028757,3571747845.305833
0.000000,0.000000,0.000000,0.000000,-0.978500,0.000000,0.000000,1.000000,0.611434,0.029329,3571747845.315831
0.000000,0.000000,0.000000,0.000000,0.000000,0.000000,0.000000,1.000000,0.611434,0.029317,3571747845.325832
0.000000,0.000000,0.000000,0.000000,0.000000,0.000000,0.000000,0.000000,0.578283,0.029889,3571747845.335830
0.000000,0.000000,0.000000,0.000000,-0.978500,0.000000,0.000000,1.000000,0.578283,0.029877,3571747845.345831
0.000000,0.000000,0.000000,0.000000,0.000000,0.000000,0.000000,0.000000,0.598134,0.029283,3571747845.355832
0.000000,0.000000,0.000000,0.000000,-0.978500,0.000000,0.000000,0.000000,0.560336,0.029272,3571747845.365833
0.000000,0.000000,0.000000,0.000000,-0.978500,0.000000,0.000000,0.000000,0.564743,0.029260,3571747845.375832
0.000000,0.000000,0.000000,0.000000,0.978500,0.000000,0.000000,0.000000,0.592690,0.028666,3571747845.385831
0.000000,0.000000,0.000000,0.000000,0.000000,0.000000,0.000000,0.000000,0.610287,0.028655,3571747845.395831
0.000000,0.000000,0.000000,0.000000,0.000000,0.000000,0.000000,0.000000,0.623035,0.028062,3571747845.405831
0.000000,0.000000,0.000000,0.000000,-0.978500,0.000000,0.000000,0.000000,0.572103,0.027468,3571747845.415833
0.000000,0.000000,0.000000,0.000000,0.000000,0.000000,0.000000,0.000000,0.587500,0.028040,3571747845.425834
0.000000,0.000000,0.000000,0.000000,0.000000,0.000000,0.000000,0.000000,0.630311,0.028029,3571747845.435831
0.000000,0.000000,0.000000,0.000000,0.000000,0.000000,0.000000,0.000000,0.574260,0.028018,3571747845.445831
0.000000,0.000000,0.000000,0.000000,0.978500,0.000000,0.000000,0.000000,0.600593,0.027425,3571747845.455832
0.000000,0.000000,0.000000,0.000000,-0.978500,0.000000,0.000000,0.000000,0.502581,0.027414,3571747845.465831
0.000000,0.000000,0.000000,0.000000,0.978500,0.000000,0.000000,0.000000,0.553199,0.027404,3571747845.475834
0.000000,0.000000,0.000000,0.000000,-0.978500,0.000000,0.000000,0.000000,0.547296,0.027393,3571747845.485833
0.000000,0.000000,0.000000,0.000000,0.000000,0.000000,0.000000,1.000000,0.547296,0.027965,3571747845.495832
0.000000,0.000000,0.000000,0.000000,0.978500,0.000000,0.000000,1.000000,0.547296,0.027372,3571747845.505831
0.000000,0.000000,0.000000,0.000000,0.978500,0.000000,0.000000,0.000000,0.682416,0.027944,3571747845.515830
0.000000,0.000000,0.000000,0.000000,0.000000,0.000000,0.000000,1.000000,0.682416,0.027350,3571747845.525833
0.000000,0.000000,0.000000,0.000000,0.000000,0.000000,0.000000,0.000000,0.566590,0.027340,3571747845.535833
0.000000,0.000000,0.000000,0.000000,0.000000,0.000000,0.000000,1.000000,0.566590,0.027912,3571747845.545833
0.000000,0.000000,0.000000,0.000000,-0.978500,0.000000,0.000000,0.000000,0.530664,0.028484,3571747845.555831
0.000000,0.000000,0.000000,0.000000,0.000000,0.000000,0.000000,1.000000,0.530664,0.028473,3571747845.565832
0.000000,0.000000,0.000000,0.000000,0.978500,0.000000,0.000000,1.000000,0.530664,0.028462,3571747845.575831
0.000000,0.000000,0.000000,0.000000,-0.978500,0.000000,0.000000,0.000000,0.545876,0.028451,3571747845.585833
0.000000,0.000000,0.000000,0.000000,0.000000,0.000000,0.000000,0.000000,0.566798,0.027857,3571747845.595833
0.000000,0.000000,0.000000,0.000000,-0.978500,0.000000,0.000000,0.000000,0.597458,0.027846,3571747845.605833
0.000000,0.000000,0.000000,0.000000,-0.978500,0.000000,0.000000,0.000000,0.532032,0.028418,3571747845.615831
0.000000,0.000000,0.000000,0.000000,0.000000,0.000000,0.000000,0.000000,0.505571,0.027825,3571747845.625832
0.000000,0.000000,0.000000,0.000000,0.978500,0.000000,0.000000,1.000000,0.505571,0.027814,3571747845.635830
0.000000,0.000000,0.000000,0.000000,0.000000,0.000000,0.000000,1.000000,0.505571,0.027221,3571747845.645832
0.000000,0.000000,0.000000,0.000000,0.000000,0.000000,0.000000,1.000000,0.505571,0.026627,3571747845.655834
0.000000,0.000000,0.000000,0.000000,0.000000,0.000000,0.000000,1.000000,0.505571,0.026617,3571747845.665833
0.000000,0.000000,0.000000,0.000000,0.000000,0.000000,0.000000,0.000000,0.572774,0.027190,3571747845.675831
0.000000,0.000000,0.000000,0.000000,-0.978500,0.000000,0.000000,1.000000,0.572774,0.027179,3571747845.685831
0.000000,0.000000,0.000000,0.000000,0.000000,0.000000,0.000000,1.000000,0.572774,0.027169,3571747845.695831
0.000000,0.000000,0.000000,0.000000,0.978500,0.000000,0.000000,0.000000,0.660230,0.027158,3571747845.705832
0.000000,0.000000,0.000000,0.000000,0.978500,0.000000,0.000000,1.000000,0.660230,0.027148,3571747845.715833
0.000000,0.000000,0.000000,0.000000,0.000000,0.000000,0.000000,0.000000,0.580068,0.026554,3571747845.725834
0.000000,0.000000,0.000000,0.000000,0.000000,0.000000,0.000000,1.000000,0.580068,0.026544,3571747845.735830
0.000000,0.000000,0.000000,0.000000,0.978500,0.000000,0.000000,0.000000,0.610309,0.027117,3571747845.745831
0.000000,0.000000,0.000000,0.000000,0.000000,0.000000,0.000000,1.000000,0.610309,0.027689,3571747845.755832
0.000000,0.000000,0.000000,0.000000,-0.978500,0.000000,0.000000,0.000000,0.505232,0.027678,3571747845.765831
0.000000,0.000000,0.000000,0.000000,0.978500,0.000000,0.000000,1.000000,0.505232,0.027667,3571747845.775832
0.000000,0.000000,0.000000,0.000000,0.000000,0.000000,0.000000,0.000000,0.546261,0.028239,3571747845.785834
0.000000,0.000000,0.000000,0.000000,0.978500,0.000000,0.000000,1.000000,0.546261,0.028228,3571747845.795830
0.000000,0.000000,0.000000,0.000000,-0.978500,0.000000,0.000000,0.000000,0.552492,0.027635,3571747845.805830
0.000000,0.000000,0.000000,0.000000,0.000000,0.000000,0.000000,0.000000,0.538737,0.028207,3571747845.815833
0.000000,0.000000,0.000000,0.000000,0.978500,0.000000,0.000000,1.000000,0.538737,0.028196,3571747845.825833
0.000000,0.000000,0.000000,0.000000,-0.978500,0.000000,0.000000,1.000000,0.538737,0.028768,3571747845.835833
0.000000,0.000000,0.000000,0.000000,-0.978500,0.000000,0.000000,0.000000,0.525269,0.028174,3571747845.845833
0.000000,0.000000,0.000000,0.000000,-0.978500,0.000000,0.000000,1.000000,0.525269,0.028163,3571747845.855832
0.000000,0.000000,0.000000,0.000000,0.978500,0.000000,0.000000,0.000000,0.576496,0.028735,3571747845.865831
0.000000,0.000000,0.000000,0.000000,0.000000,0.000000,0.000000,1.000000,0.576496,0.028141,3571747845.875831
0.000000,0.000000,0.000000,0.000000,-0.978500,0.000000,0.000000,0.000000,0.515829,0.027548,3571747845.885831
0.000000,0.000000,0.000000,0.000000,0.000000,0.000000,0.000000,1.000000,0.515829,0.026954,3571747845.895833
0.000000,0.000000,0.000000,0.000000,0.978500,0.000000,0.000000,1.000000,0.515829,0.027527,3571747845.905832
0.000000,0.000000,0.000000,0.000000,0.000000,0.000000,0.000000,0.000000,0.573983,0.027516,3571747845.915832
0.000000,0.000000,0.000000,0.000000,0.978500,0.000000,0.000000,1.000000,0.573983,0.026923,3571747845.925832
0.000000,0.000000,0.000000,0.000000,0.000000,0.000000,0.000000,0.000000,0.621780,0.026912,3571747845.935831
0.000000,0.000000,0.000000,0.000000,0.000000,0.000000,0.000000,1.000000,0.621780,0.027484,3571747845.945831
0.000000,0.000000,0.000000,0.000000,0.000000,0.000000,0.000000,0.000000,0.581884,0.027474,3571747845.955833
0.000000,0.000000,0.000000,0.000000,0.978500,0.000000,0.000000,0.000000,0.612218,0.028046,3571747845.965833
0.000000,0.000000,0.000000,0.000000,0.978500,0.000000,0.000000,1.000000,0.612218,0.028035,3571747845.975831
0.000000,0.000000,0.000000,0.000000,-0.978500,0.000000,0.000000,1.000000,0.612218,0.028024,3571747845.985832
0.000000,0.000000,0.000000,0.000000,0.978500,0.000000,0.000000,1.000000,0.612218,0.028013,3571747845.995833
0.000000,0.000000,0.000000,0.000000,-0.978500,0.000000,0.000000,0.000000,0.608782,0.028585,3571747846.005831
0.000000,0.000000,0.000000,0.000000,0.000000,0.000000,0.000000,1.000000,0.608782,0.029157,3571747846.015833
0.000000,0.000000,0.000000,0.000000,0.000000,0.000000,0.000000,0.000000,0.563847,0.028563,3571747846.025833
0.000000,0.000000,0.000000,0.000000,0.000000,0.000000,0.000000,1.000000,0.563847,0.029135,3571747846.035831
0.000000,0.000000,0.000000,0.000000,0.978500,0.000000,0.000000,0.000000,0.608309,0.028541,3571747846.045831
0.000000,0.000000,0.000000,0.000000,0.000000,0.000000,0.000000,1.000000,0.608309,0.028530,3571747846.055831
0.000000,0.000000,0.000000,0.000000,0.000000,0.000000,0.000000,0.000000,0.634290,0.028519,3571747846.065831
0.000000,0.000000,0.000000,0.000000,0.000000,0.000000,0.000000,0.000000,0.636618,0.028508,3571747846.075832
0.000000,0.000000,0.000000,0.000000,0.000000,0.000000,0.000000,0.000000,0.568288,0.029079,3571747846.085833
0.000000,0.000000,0.000000,0.000000,0.000000,0.000000,0.000000,1.000000,0.568288,0.029068,3571747846.095832
0.000000,0.000000,0.000000,0.000000,0.978500,0.000000,0.000000,0.000000,0.574786,0.029057,3571747846.105831
0.000000,0.000000,0.000000,0.000000,-0.978500,0.000000,0.000000,1.000000,0.574786,0.029046,3571747846.115831
0.000000,0.000000,0.000000,0.000000,0.000000,0.000000,0.000000,1.000000,0.574786,0.029034,3571747846.125832
0.000000,0.000000,0.000000,0.000000,0.978500,0.000000,0.000000,0.000000,0.593892,0.029023,3571747846.135834
0.000000,0.000000,0.000000,0.000000,-0.978500,0.000000,0.000000,1.000000,0.593892,0.029595,3571747846.145833
0.000000,0.000000,0.000000,0.000000,-0.978500,0.000000,0.000000,0.000000,0.517079,0.029001,3571747846.155832
0.000000,0.000000,0.000000,0.000000,0.978500,0.000000,0.000000,0.000000,0.603289,0.028989,3571747846.165832
0.000000,0.000000,0.000000,0.000000,0.000000,0.000000,0.000000,0.000000,0.488311,0.029561,3571747846.175831
0.000000,0.000000,0.000000,0.000000,0.978500,0.000000,0.000000,1.000000,0.488311,0.028967,3571747846.185831
0.000000,0.000000,0.000000,0.000000,0.978500,0.000000,0.000000,0.000000,0.629633,0.028373,3571747846.195832
0.000000,0.000000,0.000000,0.000000,0.978500,0.000000,0.000000,0.000000,0.625473,0.028945,3571747846.205832
0.000000,0.000000,0.000000,0.000000,0.978500,0.000000,0.000000,0.000000,0.681971,0.028933,3571747846.215830
0.000000,0.000000,0.000000,0.000000,0.978500,0.000000,0.000000,0.000000,0.619396,0.029505,3571747846.225832
0.000000,0.000000,0.000000,0.000000,0.000000,0.000000,0.000000,0.000000,0.579681,0.030076,3571747846.235831
0.000000,0.000000,0.000000,0.000000,-0.978500,0.000000,0.000000,0.000000,0.565602,0.030647,3571747846.245831
0.000000,0.000000,0.000000,0.000000,0.978500,0.000000,0.000000,0.000000,0.605599,0.031218,3571747846.255834
0.000000,0.000000,0.000000,0.000000,-0.978500,0.000000,0.000000,0.000000,0.491540,0.031789,3571747846.265833
0.000000,0.000000,0.000000,0.000000,0.978500,0.000000,0.000000,1.000000,0.491540,0.031777,3571747846.275831
0.000000,0.000000,0.000000,0.000000,0.000000,0.000000,0.000000,0.000000,0.600124,0.031182,3571747846.285832
0.000000,0.000000,0.000000,0.000000,0.978500,0.000000,0.000000,1.000000,0.600124,0.031752,3571747846.295831
0.000000,0.000000,0.000000,0.000000,-0.978500,0.000000,0.000000,0.000000,0.555530,0.031157,3571747846.305831
0.000000,0.000000,0.000000,0.000000,-0.978500,0.000000,0.000000,1.000000,0.555530,0.031728,3571747846.315834
0.000000,0.000000,0.000000,0.000000,0.000000,0.000000,0.000000,0.000000,0.581805,0.031716,3571747846.325833
0.000000,0.000000,0.000000,0.000000,-0.978500,0.000000,0.000000,0.000000,0.563667,0.032286,3571747846.335831
0.000000,0.000000,0.000000,0.000000,0.000000,0.000000,0.000000,0.000000,0.519305,0.031691,3571747846.345831
0.000000,0.000000,0.000000,0.000000,0.978500,0.000000,0.000000,1.000000,0.519305,0.031096,3571747846.355830
0.000000,0.000000,0.000000,0.000000,0.000000,0.000000,0.000000,0.000000,0.567361,0.031084,3571747846.365832
0.000000,0.000000,0.000000,0.000000,0.978500,0.000000,0.000000,1.000000,0.567361,0.030489,3571747846.375833
0.000000,0.000000,0.000000,0.000000,0.000000,0.000000,0.000000,0.000000,0.628984,0.030478,3571747846.385832
0.000000,0.000000,0.000000,0.000000,-0.978500,0.000000,0.000000,0.000000,0.541816,0.031049,3571747846.395831
0.000000,0.000000,0.000000,0.000000,-0.978500,0.000000,0.000000,0.000000,0.536720,0.031037,3571747846.405833
0.000000,0.000000,0.000000,0.000000,0.000000,0.000000,0.000000,0.000000,0.560009,0.031607,3571747846.415830
0.000000,0.000000,0.000000,0.000000,0.000000,0.000000,0.000000,0.000000,0.579664,0.031595,3571747846.425832
0.000000,0.000000,0.000000,0.000000,0.000000,0.000000,0.000000,0.000000,0.596539,0.031000,3571747846.435833
0.000000,0.000000,0.000000,0.000000,0.000000,0.000000,0.000000,1.000000,0.596539,0.030406,3571747846.445833
0.000000,0.000000,0.000000,0.000000,0.000000,0.000000,0.000000,1.000000,0.596539,0.030394,3571747846.455832
0.000000,0.000000,0.000000,0.000000,0.978500,0.000000,0.000000,1.000000,0.596539,0.030382,3571747846.465831
0.000000,0.000000,0.000000,0.000000,0.000000,0.000000,0.000000,1.000000,0.596539,0.030370,3571747846.475832
0.000000,0.000000,0.000000,0.000000,0.000000,0.000000,0.000000,0.000000,0.604707,0.030359,3571747846.485831
0.000000,0.000000,0.000000,0.000000,0.000000,0.000000,0.000000,0.000000,0.596218,0.030347,3571747846.495833
0.000000,0.000000,0.000000,0.000000,0.978500,0.000000,0.000000,1.000000,0.596218,0.030918,3571747846.505833
0.000000,0.000000,0.000000,0.000000,-0.978500,0.000000,0.000000,0.000000,0.584101,0.030906,3571747846.515831
0.000000,0.000000,0.000000,0.000000,0.000000,0.000000,0.000000,0.000000,0.609642,0.030894,3571747846.525832
0.000000,0.000000,0.000000,0.000000,0.978500,0.000000,0.000000,0.000000,0.648367,0.030882,3571747846.535830
0.000000,0.000000,0.000000,0.000000,0.000000,0.000000,0.000000,0.000000,0.576885,0.031453,3571747846.545830
0.000000,0.000000,0.000000,0.000000,0.000000,0.000000,0.000000,0.000000,0.545749,0.030858,3571747846.555833
0.000000,0.000000,0.000000,0.000000,-0.978500,0.000000,0.000000,0.000000,0.572174,0.030846,3571747846.565833
0.000000,0.000000,0.000000,0.000000,0.978500,0.000000,0.000000,0.000000,0.588859,0.031417,3571747846.575831
0.000000,0.000000,0.000000,0.000000,0.000000,0.000000,0.000000,0.000000,0.507108,0.031405,3571747846.585830
0.000000,0.000000,0.000000,0.000000,-0.978500,0.000000,0.000000,0.000000,0.479358,0.031393,3571747846.595832
0.000000,0.000000,0.000000,0.000000,0.000000,0.000000,0.000000,1.000000,0.479358,0.030798,3571747846.605833
0.000000,0.000000,0.000000,0.000000,-0.978500,0.000000,0.000000,1.000000,0.479358,0.031369,3571747846.615833
0.000000,0.000000,0.000000,0.000000,0.000000,0.000000,0.000000,1.000000,0.479358,0.031357,3571747846.625834
0.000000,0.000000,0.000000,0.000000,0.000000,0.000000,0.000000,1.000000,0.479358,0.030762,3571747846.635831
0.000000,0.000000,0.000000,0.000000,0.978500,0.000000,0.000000,0.000000,0.625791,0.030750,3571747846.645832
0.000000,0.000000,0.000000,0.000000,0.978500,0.000000,0.000000,0.000000,0.590644,0.030155,3571747846.655833
0.000000,0.000000,0.000000,0.000000,0.000000,0.000000,0.000000,0.000000,0.603651,0.030144,3571747846.665832
0.000000,0.000000,0.000000,0.000000,0.978500,0.000000,0.000000,0.000000,0.642021,0.030132,3571747846.675833
0.000000,0.000000,0.000000,0.000000,0.978500,0.000000,0.000000,1.000000,0.642021,0.030703,3571747846.685832
0.000000,0.000000,0.000000,0.000000,0.978500,0.000000,0.000000,0.000000,0.611992,0.031274,3571747846.695830
0.000000,0.000000,0.000000,0.000000,-0.978500,0.000000,0.000000,0.000000,0.523971,0.031262,3571747846.705832
0.000000,0.000000,0.000000,0.000000,0.978500,0.000000,0.000000,1.000000,0.523971,0.031833,3571747846.715831
0.000000,0.000000,0.000000,0.000000,0.000000,0.000000,0.000000,0.000000,0.600226,0.032403,3571747846.725831
0.000000,0.000000,0.000000,0.000000,-0.978500,0.000000,0.000000,1.000000,0.600226,0.032973,3571747846.735834
0.000000,0.000000,0.000000,0.000000,-0.978500,0.000000,0.000000,0.000000,0.538406,0.032378,3571747846.745833
0.000000,0.000000,0.000000,0.000000,-0.978500,0.000000,0.000000,0.000000,0.530721,0.032948,3571747846.755830
0.000000,0.000000,0.000000,0.000000,0.978500,0.000000,0.000000,1.000000,0.530721,0.032935,3571747846.765832
0.000000,0.000000,0.000000,0.000000,0.000000,0.000000,0.000000,1.000000,0.530721,0.032340,3571747846.775831
0.000000,0.000000,0.000000,0.000000,0.000000,0.000000,0.000000,1.000000,0.530721,0.031745,3571747846.785833
0.000000,0.000000,0.000000,0.000000,-0.978500,0.000000,0.000000,0.000000,0.507705,0.031150,3571747846.795833
0.000000,0.000000,0.000000,0.000000,0.000000,0.000000,0.000000,1.000000,0.507705,0.031720,3571747846.805833
0.000000,0.000000,0.000000,0.000000,0.978500,0.000000,0.000000,1.000000,0.507705,0.031708,3571747846.815832
0.000000,0.000000,0.000000,0.000000,0.978500,0.000000,0.000000,1.000000,0.507705,0.031696,3571747846.825831
0.000000,0.000000,0.000000,0.000000,0.000000,0.000000,0.000000,1.000000,0.507705,0.031101,3571747846.835832
0.000000,0.000000,0.000000,0.000000,0.978500,0.000000,0.000000,0.000000,0.640316,0.031089,3571747846.845830
0.000000,0.000000,0.000000,0.000000,0.000000,0.000000,0.000000,0.000000,0.611835,0.031660,3571747846.855834
0.000000,0.000000,0.000000,0.000000,-0.978500,0.000000,0.000000,0.000000,0.529326,0.032230,3571747846.865833
0.000000,0.000000,0.000000,0.000000,-0.978500,0.000000,0.000000,0.000000,0.539061,0.032218,3571747846.875831
0.000000,0.000000,0.000000,0.000000,0.978500,0.000000,0.000000,0.000000,0.606058,0.032788,3571747846.885830
0.000000,0.000000,0.000000,0.000000,-0.978500,0.000000,0.000000,1.000000,0.606058,0.032775,3571747846.895832
0.000000,0.000000,0.000000,0.000000,0.000000,0.000000,0.000000,1.000000,0.606058,0.032180,3571747846.905830
0.000000,0.000000,0.000000,0.000000,0.978500,0.000000,0.000000,1.000000,0.606058,0.031585,3571747846.915833
0.000000,0.000000,0.000000,0.000000,0.978500,0.000000,0.000000,1.000000,0.606058,0.032155,3571747846.925834
0.000000,0.000000,0.000000,0.000000,-0.978500,0.000000,0.000000,0.000000,0.541095,0.031560,3571747846.935831
0.000000,0.000000,0.000000,0.000000,0.000000,0.000000,0.000000,1.000000,0.541095,0.031548,3571747846.945831
0.000000,0.000000,0.000000,0.000000,0.000000,0.000000,0.000000,0.000000,0.588626,0.032119,3571747846.955832
0.000000,0.000000,0.000000,0.000000,-0.978500,0.000000,0.000000,0.000000,0.524315,0.032689,3571747846.965831
0.000000,0.000000,0.000000,0.000000,0.978500,0.000000,0.000000,1.000000,0.524315,0.032094,3571747846.975833
0.000000,0.000000,0.000000,0.000000,0.978500,0.000000,0.000000,0.000000,0.565053,0.032081,3571747846.985833
0.000000,0.000000,0.000000,0.000000,-0.978500,0.000000,0.000000,1.000000,0.565053,0.032069,3571747846.995832
0.000000,0.000000,0.000000,0.000000,-0.978500,0.000000,0.000000,0.000000,0.520224,0.031474,3571747847.005833
0.000000,0.000000,0.000000,0.000000,0.000000,0.000000,0.000000,1.000000,0.520224,0.032044,3571747847.015831
0.000000,0.000000,0.000000,0.000000,0.000000,0.000000,0.000000,0.000000,0.670630,0.032615,3571747847.025832
0.000000,0.000000,0.000000,0.000000,0.000000,0.000000,0.000000,1.000000,0.670630,0.032019,3571747847.035833
0.000000,0.000000,0.000000,0.000000,0.000000,0.000000,0.000000,0.000000,0.573029,0.031424,3571747847.045833
0.000000,0.000000,0.000000,0.000000,0.000000,0.000000,0.000000,1.000000,0.573029,0.031412,3571747847.055830
0.000000,0.000000,0.000000,0.000000,0.978500,0.000000,0.000000,1.000000,0.573029,0.031400,3571747847.065831
0.000000,0.000000,0.000000,0.000000,0.978500,0.000000,0.000000,1.000000,0.573029,0.031388,3571747847.075831
0.000000,0.000000,0.000000,0.000000,0.000000,0.000000,0.000000,0.000000,0.557415,0.031376,3571747847.085832
0.000000,0.000000,0.000000,0.000000,-0.978500,0.000000,0.000000,0.000000,0.572189,0.031364,3571747847.095832
0.000000,0.000000,0.000000,0.000000,0.978500,0.000000,0.000000,0.000000,0.552822,0.031934,3571747847.105833
0.000000,0.000000,0.000000,0.000000,0.978500,0.000000,0.000000,1.000000,0.552822,0.032505,3571747847.115832
0.000000,0.000000,0.000000,0.000000,0.978500,0.000000,0.000000,0.000000,0.623451,0.032492,3571747847.125832
0.000000,0.000000,0.000000,0.000000,0.978500,0.000000,0.000000,0.000000,0.664112,0.031897,3571747847.135831
0.000000,0.000000,0.000000,0.000000,0.978500,0.000000,0.000000,0.000000,0.571875,0.032467,3571747847.145833
0.000000,0.000000,0.000000,0.000000,0.000000,0.000000,0.000000,0.000000,0.527729,0.033037,3571747847.155833
0.000000,0.000000,0.000000,0.000000,-0.978500,0.000000,0.000000,0.000000,0.551524,0.033607,3571747847.165833
0.000000,0.000000,0.000000,0.000000,0.000000,0.000000,0.000000,1.000000,0.551524,0.034177,3571747847.175832
0.000000,0.000000,0.000000,0.000000,0.000000,0.000000,0.000000,1.000000,0.551524,0.034746,3571747847.185831
0.000000,0.000000,0.000000,0.000000,0.978500,0.000000,0.000000,0.000000,0.656963,0.034733,3571747847.195831
0.000000,0.000000,0.000000,0.000000,0.000000,0.000000,0.000000,0.000000,0.576506,0.034137,3571747847.205831
0.000000,0.000000,0.000000,0.000000,-0.978500,0.000000,0.000000,0.000000,0.591641,0.034124,3571747847.215833
0.000000,0.000000,0.000000,0.000000,0.000000,0.000000,0.000000,1.000000,0.591641,0.034111,3571747847.225833
0.000000,0.000000,0.000000,0.000000,0.978500,0.000000,0.000000,0.000000,0.661224,0.034680,3571747847.235831
0.000000,0.000000,0.000000,0.000000,0.000000,0.000000,0.000000,0.000000,0.599957,0.034667,3571747847.245831
0.000000,0.000000,0.000000,0.000000,0.000000,0.000000,0.000000,0.000000,0.588179,0.034071,3571747847.255832
0.000000,0.000000,0.000000,0.000000,0.000000,0.000000,0.000000,0.000000,0.588069,0.034058,3571747847.265831
0.000000,0.000000,0.000000,0.000000,-0.978500,0.000000,0.000000,0.000000,0.603427,0.034627,3571747847.275834
0.000000,0.000000,0.000000,0.000000,0.978500,0.000000,0.000000,0.000000,0.607346,0.034614,3571747847.285834
0.000000,0.000000,0.000000,0.000000,0.978500,0.000000,0.000000,0.000000,0.574646,0.034600,3571747847.295831
0.000000,0.000000,0.000000,0.000000,0.978500,0.000000,0.000000,0.000000,0.660456,0.034587,3571747847.305832
0.000000,0.000000,0.000000,0.000000,0.000000,0.000000,0.000000,0.000000,0.535322,0.033991,3571747847.315832
0.000000,0.000000,0.000000,0.000000,0.978500,0.000000,0.000000,0.000000,0.526931,0.034561,3571747847.325832
0.000000,0.000000,0.000000,0.000000,0.000000,0.000000,0.000000,0.000000,0.562610,0.035130,3571747847.335834
0.000000,0.000000,0.000000,0.000000,0.000000,0.000000,0.000000,1.000000,0.562610,0.035699,3571747847.345833
0.000000,0.000000,0.000000,0.000000,0.000000,0.000000,0.000000,0.000000,0.567054,0.035685,3571747847.355831
0.000000,0.000000,0.000000,0.000000,0.978500,0.000000,0.000000,1.000000,0.567054,0.036254,3571747847.365832
0.000000,0.000000,0.000000,0.000000,0.000000,0.000000,0.000000,0.000000,0.562472,0.036240,3571747847.375832
0.000000,0.000000,0.000000,0.000000,-0.978500,0.000000,0.000000,0.000000,0.580913,0.036226,3571747847.385830
0.000000,0.000000,0.000000,0.000000,-0.978500,0.000000,0.000000,0.000000,0.497775,0.036212,3571747847.395833
0.000000,0.000000,0.000000,0.000000,0.978500,0.000000,0.000000,1.000000,0.497775,0.036781,3571747847.405833
0.000000,0.000000,0.000000,0.000000,0.000000,0.000000,0.000000,0.000000,0.598380,0.036767,3571747847.415831
0.000000,0.000000,0.000000,0.000000,0.000000,0.000000,0.000000,1.000000,0.598380,0.036170,3571747847.425832
0.000000,0.000000,0.000000,0.000000,0.000000,0.000000,0.000000,0.000000,0.552315,0.035573,3571747847.435830
0.000000,0.000000,0.000000,0.000000,-0.978500,0.000000,0.000000,0.000000,0.516070,0.036142,3571747847.445832
0.000000,0.000000,0.000000,0.000000,0.978500,0.000000,0.000000,1.000000,0.516070,0.036128,3571747847.455833
0.000000,0.000000,0.000000,0.000000,0.978500,0.000000,0.000000,0.000000,0.617856,0.036114,3571747847.465832
0.000000,0.000000,0.000000,0.000000,0.000000,0.000000,0.000000,0.000000,0.551064,0.036101,3571747847.475832
0.000000,0.000000,0.000000,0.000000,0.000000,0.000000,0.000000,0.000000,0.543584,0.035504,3571747847.485831
0.000000,0.000000,0.000000,0.000000,0.000000,0.000000,0.000000,0.000000,0.618295,0.036073,3571747847.495832
0.000000,0.000000,0.000000,0.000000,0.978500,0.000000,0.000000,1.000000,0.618295,0.036642,3571747847.505831
0.000000,0.000000,0.000000,0.000000,-0.978500,0.000000,0.000000,0.000000,0.443280,0.036628,3571747847.515833
0.000000,0.000000,0.000000,0.000000,0.000000,0.000000,0.000000,1.000000,0.443280,0.036613,3571747847.525834
0.000000,0.000000,0.000000,0.000000,0.978500,0.000000,0.000000,0.000000,0.561895,0.036599,3571747847.535831
0.000000,0.000000,0.000000,0.000000,-0.978500,0.000000,0.000000,1.000000,0.561895,0.037168,3571747847.545830
0.000000,0.000000,0.000000,0.000000,-0.978500,0.000000,0.000000,1.000000,0.561895,0.036571,3571747847.555831
0.000000,0.000000,0.000000,0.000000,0.978500,0.000000,0.000000,0.000000,0.566757,0.036557,3571747847.565832
0.000000,0.000000,0.000000,0.000000,0.978500,0.000000,0.000000,1.000000,0.566757,0.037125,3571747847.575832
0.000000,0.000000,0.000000,0.000000,0.978500,0.000000,0.000000,1.000000,0.566757,0.036528,3571747847.585833
0.000000,0.000000,0.000000,0.000000,0.978500,0.000000,0.000000,0.000000,0.605125,0.035932,3571747847.595831
0.000000,0.000000,0.000000,0.000000,0.978500,0.000000,0.000000,0.000000,0.649670,0.036500,3571747847.605832
0.000000,0.000000,0.000000,0.000000,-0.978500,0.000000,0.000000,0.000000,0.493302,0.037069,3571747847.615830
0.000000,0.000000,0.000000,0.000000,0.000000,0.000000,0.000000,1.000000,0.493302,0.037637,3571747847.625834
0.000000,0.000000,0.000000,0.000000,0.000000,0.000000,0.000000,1.000000,0.493302,0.038206,3571747847.635833
0.000000,0.000000,0.000000,0.000000,-0.978500,0.000000,0.000000,1.000000,0.493302,0.038774,3571747847.645832
0.000000,0.000000,0.000000,0.000000,0.000000,0.000000,0.000000,1.000000,0.493302,0.038176,3571747847.655833
0.000000,0.000000,0.000000,0.000000,0.000000,0.000000,0.000000,0.000000,0.560140,0.038161,3571747847.665832
0.000000,0.000000,0.000000,0.000000,0.978500,0.000000,0.000000,1.000000,0.560140,0.038146,3571747847.675831
0.000000,0.000000,0.000000,0.000000,0.000000,0.000000,0.000000,0.000000,0.663365,0.037549,3571747847.685832
0.000000,0.000000,0.000000,0.000000,0.978500,0.000000,0.000000,0.000000,0.651781,0.037535,3571747847.695833
0.000000,0.000000,0.000000,0.000000,0.000000,0.000000,0.000000,0.000000,0.592742,0.037520,3571747847.705833
0.000000,0.000000,0.000000,0.000000,0.978500,0.000000,0.000000,1.000000,0.592742,0.038088,3571747847.715831
0.000000,0.000000,0.000000,0.000000,0.000000,0.000000,0.000000,0.000000,0.595670,0.038074,3571747847.725831
0.000000,0.000000,0.000000,0.000000,0.978500,0.000000,0.000000,1.000000,0.595670,0.038642,3571747847.735831
0.000000,0.000000,0.000000,0.000000,0.978500,0.000000,0.000000,0.000000,0.601504,0.038627,3571747847.745831
0.000000,0.000000,0.000000,0.000000,0.000000,0.000000,0.000000,0.000000,0.542524,0.039195,3571747847.755833
0.000000,0.000000,0.000000,0.000000,0.978500,0.000000,0.000000,1.000000,0.542524,0.039179,3571747847.765832
0.000000,0.000000,0.000000,0.000000,0.978500,0.000000,0.000000,0.000000,0.551402,0.039747,3571747847.775832
0.000000,0.000000,0.000000,0.000000,-0.978500,0.000000,0.000000,1.000000,0.551402,0.040314,3571747847.785833
0.000000,0.000000,0.000000,0.000000,0.000000,0.000000,0.000000,0.000000,0.554204,0.040299,3571747847.795831
0.000000,0.000000,0.000000,0.000000,0.978500,0.000000,0.000000,1.000000,0.554204,0.040866,3571747847.805830
0.000000,0.000000,0.000000,0.000000,0.000000,0.000000,0.000000,1.000000,0.554204,0.041433,3571747847.815833
0.000000,0.000000,0.000000,0.000000,0.000000,0.000000,0.000000,1.000000,0.554204,0.040834,3571747847.825833
0.000000,0.000000,0.000000,0.000000,0.978500,0.000000,0.000000,1.000000,0.554204,0.040818,3571747847.835831
0.000000,0.000000,0.000000,0.000000,-0.978500,0.000000,0.000000,0.000000,0.551789,0.041385,3571747847.845830
0.000000,0.000000,0.000000,0.000000,0.000000,0.000000,0.000000,0.000000,0.565110,0.041369,3571747847.855832
0.000000,0.000000,0.000000,0.000000,0.978500,0.000000,0.000000,1.000000,0.565110,0.041354,3571747847.865831
0.000000,0.000000,0.000000,0.000000,-0.978500,0.000000,0.000000,0.000000,0.567743,0.041920,3571747847.875833
0.000000,0.000000,0.000000,0.000000,0.978500,0.000000,0.000000,1.000000,0.567743,0.041321,3571747847.885833
0.000000,0.000000,0.000000,0.000000,-0.978500,0.000000,0.000000,0.000000,0.589941,0.041305,3571747847.895832
0.000000,0.000000,0.000000,0.000000,-0.978500,0.000000,0.000000,0.000000,0.435424,0.041872,3571747847.905831
0.000000,0.000000,0.000000,0.000000,0.000000,0.000000,0.000000,1.000000,0.435424,0.041273,3571747847.915831
0.000000,0.000000,0.000000,0.000000,0.978500,0.000000,0.000000,0.000000,0.645044,0.041840,3571747847.925832
0.000000,0.000000,0.000000,0.000000,0.978500,0.000000,0.000000,1.000000,0.645044,0.041241,3571747847.935833
0.000000,0.000000,0.000000,0.000000,0.000000,0.000000,0.000000,0.000000,0.534409,0.040643,3571747847.945833
0.000000,0.000000,0.000000,0.000000,0.978500,0.000000,0.000000,1.000000,0.534409,0.040627,3571747847.955830
0.000000,0.000000,0.000000,0.000000,0.978500,0.000000,0.000000,1.000000,0.534409,0.041194,3571747847.965832
0.000000,0.000000,0.000000,0.000000,0.978500,0.000000,0.000000,1.000000,0.534409,0.041761,3571747847.975831
0.000000,0.000000,0.000000,0.000000,0.000000,0.000000,0.000000,0.000000,0.589895,0.041745,3571747847.985831
0.000000,0.000000,0.000000,0.000000,0.000000,0.000000,0.000000,0.000000,0.586893,0.042311,3571747847.995832
0.000000,0.000000,0.000000,0.000000,0.978500,0.000000,0.000000,0.000000,0.591660,0.042878,3571747848.005833
0.000000,0.000000,0.000000,0.000000,0.978500,0.000000,0.000000,0.000000,0.608891,0.043444,3571747848.015831
0.000000,0.000000,0.000000,0.000000,0.978500,0.000000,0.000000,1.000000,0.608891,0.043427,3571747848.025833
0.000000,0.000000,0.000000,0.000000,0.978500,0.000000,0.000000,0.000000,0.630140,0.043410,3571747848.035830
0.000000,0.000000,0.000000,0.000000,0.000000,0.000000,0.000000,0.000000,0.592097,0.043976,3571747848.045831
0.000000,0.000000,0.000000,0.000000,0.000000,0.000000,0.000000,0.000000,0.540124,0.044542,3571747848.055834
0.000000,0.000000,0.000000,0.000000,0.000000,0.000000,0.000000,0.000000,0.552977,0.045108,3571747848.065833
0.000000,0.000000,0.000000,0.000000,0.000000,0.000000,0.000000,0.000000,0.597808,0.045673,3571747848.075831
0.000000,0.000000,0.000000,0.000000,0.978500,0.000000,0.000000,1.000000,0.597808,0.045655,3571747848.085831
0.000000,0.000000,0.000000,0.000000,0.978500,0.000000,0.000000,1.000000,0.597808,0.045638,3571747848.095831
0.000000,0.000000,0.000000,0.000000,0.978500,0.000000,0.000000,0.000000,0.624185,0.045620,3571747848.105833
0.000000,0.000000,0.000000,0.000000,0.000000,0.000000,0.000000,0.000000,0.573537,0.045603,3571747848.115833
0.000000,0.000000,0.000000,0.000000,0.978500,0.000000,0.000000,0.000000,0.614908,0.046168,3571747848.125834
0.000000,0.000000,0.000000,0.000000,0.000000,0.000000,0.000000,0.000000,0.558482,0.046733,3571747848.135833
0.000000,0.000000,0.000000,0.000000,0.978500,0.000000,0.000000,1.000000,0.558482,0.047297,3571747848.145833
0.000000,0.000000,0.000000,0.000000,0.000000,0.000000,0.000000,0.000000,0.581473,0.047279,3571747848.155832
0.000000,0.000000,0.000000,0.000000,-0.978500,0.000000,0.000000,0.000000,0.523157,0.047843,3571747848.165832
0.000000,0.000000,0.000000,0.000000,0.978500,0.000000,0.000000,1.000000,0.523157,0.047825,3571747848.175833
0.000000,0.000000,0.000000,0.000000,-0.978500,0.000000,0.000000,0.000000,0.559003,0.048389,3571747848.185833
0.000000,0.000000,0.000000,0.000000,0.978500,0.000000,0.000000,1.000000,0.559003,0.048371,3571747848.195832
0.000000,0.000000,0.000000,0.000000,0.978500,0.000000,0.000000,0.000000,0.595000,0.047769,3571747848.205832
0.000000,0.000000,0.000000,0.000000,0.000000,0.000000,0.000000,0.000000,0.591324,0.048334,3571747848.215832
0.000000,0.000000,0.000000,0.000000,0.000000,0.000000,0.000000,0.000000,0.572613,0.047732,3571747848.225832
0.000000,0.000000,0.000000,0.000000,0.000000,0.000000,0.000000,1.000000,0.572613,0.048297,3571747848.235833
0.000000,0.000000,0.000000,0.000000,0.978500,0.000000,0.000000,0.000000,0.601113,0.048861,3571747848.245833
0.000000,0.000000,0.000000,0.000000,0.000000,0.000000,0.000000,1.000000,0.601113,0.048842,3571747848.255832
0.000000,0.000000,0.000000,0.000000,0.978500,0.000000,0.000000,0.000000,0.604636,0.048823,3571747848.265831
0.000000,0.000000,0.000000,0.000000,0.978500,0.000000,0.000000,1.000000,0.604636,0.048804,3571747848.275832
0.000000,0.000000,0.000000,0.000000,0.978500,0.000000,0.000000,0.000000,0.623100,0.049368,3571747848.285833
0.000000,0.000000,0.000000,0.000000,0.978500,0.000000,0.000000,0.000000,0.625979,0.049349,3571747848.295833
0.000000,0.000000,0.000000,0.000000,-0.978500,0.000000,0.000000,0.000000,0.531217,0.049913,3571747848.305832
0.000000,0.000000,0.000000,0.000000,0.978500,0.000000,0.000000,1.000000,0.531217,0.050476,3571747848.315831
0.000000,0.000000,0.000000,0.000000,0.978500,0.000000,0.000000,0.000000,0.589285,0.051039,3571747848.325831
0.000000,0.000000,0.000000,0.000000,-0.978500,0.000000,0.000000,1.000000,0.589285,0.051602,3571747848.335831
0.000000,0.000000,0.000000,0.000000,0.978500,0.000000,0.000000,0.000000,0.551637,0.051000,3571747848.345831
0.000000,0.000000,0.000000,0.000000,0.000000,0.000000,0.000000,0.000000,0.577873,0.051563,3571747848.355834
0.000000,0.000000,0.000000,0.000000,0.000000,0.000000,0.000000,0.000000,0.554636,0.052126,3571747848.365833
0.000000,0.000000,0.000000,0.000000,-0.978500,0.000000,0.000000,0.000000,0.549232,0.051523,3571747848.375832
0.000000,0.000000,0.000000,0.000000,-0.978500,0.000000,0.000000,0.000000,0.521604,0.052086,3571747848.385831
0.000000,0.000000,0.000000,0.000000,-0.978500,0.000000,0.000000,1.000000,0.521604,0.052066,3571747848.395832
0.000000,0.000000,0.000000,0.000000,0.000000,0.000000,0.000000,1.000000,0.521604,0.052045,3571747848.405833
0.000000,0.000000,0.000000,0.000000,0.000000,0.000000,0.000000,0.000000,0.549872,0.051443,3571747848.415833
0.000000,0.000000,0.000000,0.000000,-0.341426,0.000000,0.000000,1.000000,0.549872,0.050840,3571747848.425834
0.000000,0.000000,0.000000,0.000000,0.050238,0.000000,0.000000,0.000000,0.526024,0.050238,3571747848.435831
0.000000,0.000000,0.000000,0.000000,-0.050219,0.000000,0.000000,0.000000,0.597051,0.050219,3571747848.445831
0.000000,0.000000,0.000000,0.000000,-0.050199,0.000000,0.000000,0.000000,0.626783,0.050199,3571747848.455831
0.000000,0.000000,0.000000,0.000000,-0.049977,0.000000,0.000000,0.000000,0.601606,0.049977,3571747848.465832
0.000000,0.000000,0.000000,0.000000,0.049987,0.000000,0.000000,0.000000,0.473716,0.049987,3571747848.475833
0.000000,0.000000,0.000000,0.000000,0.000000,0.000000,0.000000,0.000000,0.469657,0.049938,3571747848.485832
0.000000,0.000000,0.000000,0.000000,0.000000,0.000000,0.000000,1.000000,0.469657,0.049889,3571747848.495832
0.000000,0.000000,0.000000,0.000000,-0.049840,0.000000,0.000000,1.000000,0.469657,0.049840,3571747848.505832
0.000000,0.000000,0.000000,0.000000,0.000000,0.000000,0.000000,1.000000,0.469657,0.049850,3571747848.515831
0.000000,0.000000,0.000000,0.000000,0.000000,0.000000,0.000000,0.000000,0.482647,0.049831,3571747848.525833
0.000000,0.000000,0.000000,0.000000,0.049812,0.000000,0.000000,0.000000,0.485209,0.049812,3571747848.535833
0.000000,0.000000,0.000000,0.000000,0.000000,0.000000,0.000000,1.000000,0.485209,0.049763,3571747848.545834
0.000000,0.000000,0.000000,0.000000,0.049744,0.000000,0.000000,0.000000,0.473027,0.049744,3571747848.555831
0.000000,0.000000,0.000000,0.000000,0.000000,0.000000,0.000000,0.000000,0.466072,0.049725,3571747848.565831
0.000000,0.000000,0.000000,0.000000,0.049735,0.000000,0.000000,0.000000,0.415512,0.049735,3571747848.575831
0.000000,0.000000,0.000000,0.000000,0.049716,0.000000,0.000000,0.000000,0.392675,0.049716,3571747848.585831
0.000000,0.000000,0.000000,0.000000,0.049727,0.000000,0.000000,1.000000,0.392675,0.049727,3571747848.595833
0.000000,0.000000,0.000000,0.000000,0.000000,0.000000,0.000000,1.000000,0.392675,0.049707,3571747848.605833
0.000000,0.000000,0.000000,0.000000,0.000000,0.000000,0.000000,1.000000,0.392675,0.049718,3571747848.615830
0.000000,0.000000,0.000000,0.000000,-0.049728,0.000000,0.000000,0.000000,0.445533,0.049728,3571747848.625832
0.000000,0.000000,0.000000,0.000000,-0.049739,0.000000,0.000000,1.000000,0.445533,0.049739,3571747848.635831
0.000000,0.000000,0.000000,0.000000,0.049720,0.000000,0.000000,0.000000,0.304158,0.049720,3571747848.645832
0.000000,0.000000,0.000000,0.000000,0.000000,0.000000,0.000000,1.000000,0.304158,0.049700,3571747848.655834
0.000000,0.000000,0.000000,0.000000,-0.049652,0.000000,0.000000,1.000000,0.304158,0.049652,3571747848.665833
0.000000,0.000000,0.000000,0.000000,-0.000000,0.000000,0.000000,1.000000,0.304158,0.049603,3571747848.675831
0.000000,0.000000,0.000000,0.000000,-0.049613,0.000000,0.000000,1.000000,0.304158,0.049613,3571747848.685830
0.000000,0.000000,0.000000,0.000000,0.000000,0.000000,0.000000,0.000000,0.430782,0.049594,3571747848.695831
0.000000,0.000000,0.000000,0.000000,-0.049546,0.000000,0.000000,0.000000,0.422963,0.049546,3571747848.705832
0.000000,0.000000,0.000000,0.000000,-0.049527,0.000000,0.000000,1.000000,0.422963,0.049527,3571747848.715833
0.000000,0.000000,0.000000,0.000000,-0.000000,0.000000,0.000000,0.000000,0.374322,0.049478,3571747848.725834
0.000000,0.000000,0.000000,0.000000,-0.049459,0.000000,0.000000,0.000000,0.372555,0.049459,3571747848.735832
0.000000,0.000000,0.000000,0.000000,0.000000,0.000000,0.000000,0.000000,0.362944,0.049410,3571747848.745831
0.000000,0.000000,0.000000,0.000000,0.000000,0.000000,0.000000,0.000000,0.285196,0.049362,3571747848.755831
0.000000,0.000000,0.000000,0.000000,0.000000,0.000000,0.000000,0.000000,0.301157,0.049343,3571747848.765833
0.000000,0.000000,0.000000,0.000000,0.049294,0.000000,0.000000,0.000000,0.260373,0.049294,3571747848.775833
0.000000,0.000000,0.000000,0.000000,0.000000,0.000000,0.000000,1.000000,0.260373,0.049275,3571747848.785834
0.000000,0.000000,0.000000,0.000000,0.000000,0.000000,0.000000,1.000000,0.260373,0.049256,3571747848.795831
0.000000,0.000000,0.000000,0.000000,0.000000,0.000000,0.000000,1.000000,0.260373,0.049237,3571747848.805832
0.000000,0.000000,0.000000,0.000000,0.049248,0.000000,0.000000,0.000000,0.276482,0.049248,3571747848.815832
0.000000,0.000000,0.000000,0.000000,0.000000,0.000000,0.000000,0.000000,0.319614,0.049229,3571747848.825831
0.000000,0.000000,0.000000,0.000000,0.000000,0.000000,0.000000,1.000000,0.319614,0.049210,3571747848.835834
0.000000,0.000000,0.000000,0.000000,-0.049191,0.000000,0.000000,1.000000,0.319614,0.049191,3571747848.845833
0.000000,0.000000,0.000000,0.000000,0.049201,0.000000,0.000000,0.000000,0.315044,0.049201,3571747848.855831
0.000000,0.000000,0.000000,0.000000,0.000000,0.000000,0.000000,0.000000,0.315562,0.049182,3571747848.865831
0.000000,0.000000,0.000000,0.000000,-0.049163,0.000000,0.000000,1.000000,0.315562,0.049163,3571747848.875831
0.000000,0.000000,0.000000,0.000000,0.049115,0.000000,0.000000,0.000000,0.259818,0.049115,3571747848.885831
0.000000,0.000000,0.000000,0.000000,0.000000,0.000000,0.000000,0.000000,0.274963,0.049125,3571747848.895833
0.000000,0.000000,0.000000,0.000000,0.000000,0.000000,0.000000,0.000000,0.314110,0.049106,3571747848.905832
0.000000,0.000000,0.000000,0.000000,0.000000,0.000000,0.000000,1.000000,0.314110,0.049058,3571747848.915831
0.000000,0.000000,0.000000,0.000000,0.049068,0.000000,0.000000,0.000000,0.326344,0.049068,3571747848.925832
0.000000,0.000000,0.000000,0.000000,0.000000,0.000000,0.000000,0.000000,0.331221,0.049050,3571747848.935832
0.000000,0.000000,0.000000,0.000000,-0.049031,0.000000,0.000000,1.000000,0.331221,0.049031,3571747848.945830
0.000000,0.000000,0.000000,0.000000,0.000000,0.000000,0.000000,0.000000,0.251391,0.049012,3571747848.955833
0.000000,0.000000,0.000000,0.000000,0.049022,0.000000,0.000000,0.000000,0.243264,0.049022,3571747848.965833
0.000000,0.000000,0.000000,0.000000,-0.049003,0.000000,0.000000,1.000000,0.243264,0.049003,3571747848.975831
0.000000,0.000000,0.000000,0.000000,-0.048955,0.000000,0.000000,1.000000,0.243264,0.048955,3571747848.985831
0.000000,0.000000,0.000000,0.000000,-0.048936,0.000000,0.000000,1.000000,0.243264,0.048936,3571747848.995831
0.000000,0.000000,0.000000,0.000000,0.000000,0.000000,0.000000,0.000000,0.274576,0.048947,3571747849.005833
0.000000,0.000000,0.000000,0.000000,-0.048899,0.000000,0.000000,0.000000,0.256573,0.048899,3571747849.015833
0.000000,0.000000,0.000000,0.000000,0.048851,0.000000,0.000000,0.000000,0.205441,0.048851,3571747849.025833
0.000000,0.000000,0.000000,0.000000,-0.048803,0.000000,0.000000,0.000000,0.235654,0.048803,3571747849.035831
0.000000,0.000000,0.000000,0.000000,0.000000,0.000000,0.000000,0.000000,0.260632,0.048784,3571747849.045833
0.000000,0.000000,0.000000,0.000000,0.048736,0.000000,0.000000,1.000000,0.260632,0.048736,3571747849.055831
0.000000,0.000000,0.000000,0.000000,0.048746,0.000000,0.000000,0.000000,0.272639,0.048746,3571747849.065832
0.000000,0.000000,0.000000,0.000000,0.000000,0.000000,0.000000,0.000000,0.256052,0.048698,3571747849.075833
0.000000,0.000000,0.000000,0.000000,0.000000,0.000000,0.000000,1.000000,0.256052,0.048680,3571747849.085833
0.000000,0.000000,0.000000,0.000000,0.000000,0.000000,0.000000,0.000000,0.241899,0.048690,3571747849.095831
0.000000,0.000000,0.000000,0.000000,0.048700,0.000000,0.000000,0.000000,0.214633,0.048700,3571747849.105833
0.000000,0.000000,0.000000,0.000000,-0.000000,0.000000,0.000000,0.000000,0.235418,0.048681,3571747849.115831
0.000000,0.000000,0.000000,0.000000,-0.048663,0.000000,0.000000,0.000000,0.295539,0.048663,3571747849.125832
0.000000,0.000000,0.000000,0.000000,0.000000,0.000000,0.000000,0.000000,0.193881,0.048644,3571747849.135832
0.000000,0.000000,0.000000,0.000000,-0.048654,0.000000,0.000000,1.000000,0.193881,0.048654,3571747849.145832
0.000000,0.000000,0.000000,0.000000,0.000000,0.000000,0.000000,0.000000,0.245212,0.048635,3571747849.155833
0.000000,0.000000,0.000000,0.000000,0.048588,0.000000,0.000000,0.000000,0.213386,0.048588,3571747849.165832
0.000000,0.000000,0.000000,0.000000,0.000000,0.000000,0.000000,0.000000,0.164709,0.048569,3571747849.175831
0.000000,0.000000,0.000000,0.000000,0.000000,0.000000,0.000000,1.000000,0.164709,0.048521,3571747849.185832
0.000000,0.000000,0.000000,0.000000,0.048502,0.000000,0.000000,0.000000,0.211253,0.048502,3571747849.195833
0.000000,0.000000,0.000000,0.000000,0.000000,0.000000,0.000000,1.000000,0.211253,0.048513,3571747849.205832
0.000000,0.000000,0.000000,0.000000,0.000000,0.000000,0.000000,1.000000,0.211253,0.048494,3571747849.215832
0.000000,0.000000,0.000000,0.000000,0.048475,0.000000,0.000000,0.000000,0.221271,0.048475,3571747849.225832
0.000000,0.000000,0.000000,0.000000,0.000000,0.000000,0.000000,0.000000,0.178931,0.048486,3571747849.235831
0.000000,0.000000,0.000000,0.000000,0.048467,0.000000,0.000000,0.000000,0.145545,0.048467,3571747849.245831
0.000000,0.000000,0.000000,0.000000,0.048448,0.000000,0.000000,0.000000,0.206466,0.048448,3571747849.255834
0.000000,0.000000,0.000000,0.000000,-0.048458,0.000000,0.000000,1.000000,0.206466,0.048458,3571747849.265833
0.000000,0.000000,0.000000,0.000000,0.048440,0.000000,0.000000,1.000000,0.206466,0.048440,3571747849.275832
0.000000,0.000000,0.000000,0.000000,0.000000,0.000000,0.000000,0.000000,0.201086,0.048450,3571747849.285833
0.000000,0.000000,0.000000,0.000000,0.000000,0.000000,0.000000,1.000000,0.201086,0.048460,3571747849.295832
0.000000,0.000000,0.000000,0.000000,-0.048412,0.000000,0.000000,0.000000,0.202045,0.048412,3571747849.305832
0.000000,0.000000,0.000000,0.000000,0.048423,0.000000,0.000000,0.000000,0.163050,0.048423,3571747849.315834
0.000000,0.000000,0.000000,0.000000,0.048404,0.000000,0.000000,0.000000,0.149600,0.048404,3571747849.325833
0.000000,0.000000,0.000000,0.000000,0.000000,0.000000,0.000000,1.000000,0.149600,0.048385,3571747849.335831
0.000000,0.000000,0.000000,0.000000,-0.048338,0.000000,0.000000,1.000000,0.149600,0.048338,3571747849.345831
0.000000,0.000000,0.000000,0.000000,0.000000,0.000000,0.000000,1.000000,0.149600,0.048348,3571747849.355831
0.000000,0.000000,0.000000,0.000000,0.000000,0.000000,0.000000,0.000000,0.202464,0.048358,3571747849.365831
0.000000,0.000000,0.000000,0.000000,0.000000,0.000000,0.000000,0.000000,0.192027,0.048340,3571747849.375834
0.000000,0.000000,0.000000,0.000000,-0.048292,0.000000,0.000000,1.000000,0.192027,0.048292,3571747849.385833
0.000000,0.000000,0.000000,0.000000,-0.048274,0.000000,0.000000,0.000000,0.240038,0.048274,3571747849.395832
0.000000,0.000000,0.000000,0.000000,0.048255,0.000000,0.000000,0.000000,0.153219,0.048255,3571747849.405833
0.000000,0.000000,0.000000,0.000000,0.000000,0.000000,0.000000,1.000000,0.153219,0.048236,3571747849.415831
0.000000,0.000000,0.000000,0.000000,-0.000000,0.000000,0.000000,0.000000,0.180847,0.048189,3571747849.425832
0.000000,0.000000,0.000000,0.000000,0.048142,0.000000,0.000000,1.000000,0.180847,0.048142,3571747849.435833
0.000000,0.000000,0.000000,0.000000,-0.048152,0.000000,0.000000,0.000000,0.194860,0.048152,3571747849.445833
0.000000,0.000000,0.000000,0.000000,0.000000,0.000000,0.000000,0.000000,0.243044,0.048133,3571747849.455831
0.000000,0.000000,0.000000,0.000000,0.048115,0.000000,0.000000,0.000000,0.106794,0.048115,3571747849.465830
0.000000,0.000000,0.000000,0.000000,0.048125,0.000000,0.000000,1.000000,0.106794,0.048125,3571747849.475832
0.000000,0.000000,0.000000,0.000000,-0.000000,0.000000,0.000000,1.000000,0.106794,0.048078,3571747849.485831
0.000000,0.000000,0.000000,0.000000,0.000000,0.000000,0.000000,1.000000,0.106794,0.048059,3571747849.495833
0.000000,0.000000,0.000000,0.000000,0.048069,0.000000,0.000000,1.000000,0.106794,0.048069,3571747849.505833
0.000000,0.000000,0.000000,0.000000,0.000000,0.000000,0.000000,1.000000,0.106794,0.048079,3571747849.515831
0.000000,0.000000,0.000000,0.000000,0.048061,0.000000,0.000000,0.000000,0.160070,0.048061,3571747849.525832
0.000000,0.000000,0.000000,0.000000,-0.048042,0.000000,0.000000,1.000000,0.160070,0.048042,3571747849.535831
0.000000,0.000000,0.000000,0.000000,0.000000,0.000000,0.000000,0.000000,0.217033,0.048053,3571747849.545831
0.000000,0.000000,0.000000,0.000000,-0.048034,0.000000,0.000000,0.000000,0.189812,0.048034,3571747849.555833
0.000000,0.000000,0.000000,0.000000,0.048044,0.000000,0.000000,0.000000,0.121768,0.048044,3571747849.565833
0.000000,0.000000,0.000000,0.000000,-0.047997,0.000000,0.000000,1.000000,0.121768,0.047997,3571747849.575831
0.000000,0.000000,0.000000,0.000000,0.000000,0.000000,0.000000,0.000000,0.223474,0.047978,3571747849.585831
0.000000,0.000000,0.000000,0.000000,0.047931,0.000000,0.000000,1.000000,0.223474,0.047931,3571747849.595831
0.000000,0.000000,0.000000,0.000000,0.000000,0.000000,0.000000,0.000000,0.181453,0.047942,3571747849.605833
0.000000,0.000000,0.000000,0.000000,0.047894,0.000000,0.000000,0.000000,0.041353,0.047894,3571747849.615833
0.000000,0.000000,0.000000,0.000000,0.047876,0.000000,0.000000,0.000000,0.123248,0.047876,3571747849.625834
0.000000,0.000000,0.000000,0.000000,-0.047886,0.000000,0.000000,0.000000,0.235780,0.047886,3571747849.635831
0.000000,0.000000,0.000000,0.000000,0.000000,0.000000,0.000000,1.000000,0.235780,0.047868,3571747849.645833
0.000000,0.000000,0.000000,0.000000,-0.047878,0.000000,0.000000,0.000000,0.213007,0.047878,3571747849.655833
0.000000,0.000000,0.000000,0.000000,0.000000,0.000000,0.000000,0.000000,0.215415,0.047888,3571747849.665832
0.000000,0.000000,0.000000,0.000000,0.000000,0.000000,0.000000,0.000000,0.144896,0.047841,3571747849.675833
0.000000,0.000000,0.000000,0.000000,0.047822,0.000000,0.000000,0.000000,0.125841,0.047822,3571747849.685833
0.000000,0.000000,0.000000,0.000000,0.047775,0.000000,0.000000,0.000000,0.115721,0.047775,3571747849.695832
0.000000,0.000000,0.000000,0.000000,0.000000,0.000000,0.000000,1.000000,0.115721,0.047757,3571747849.705831
0.000000,0.000000,0.000000,0.000000,0.000000,0.000000,0.000000,1.000000,0.115721,0.047739,3571747849.715832
0.000000,0.000000,0.000000,0.000000,0.000000,0.000000,0.000000,0.000000,0.225214,0.047749,3571747849.725833
0.000000,0.000000,0.000000,0.000000,-0.047759,0.000000,0.000000,0.000000,0.226397,0.047759,3571747849.735834
0.000000,0.000000,0.000000,0.000000,0.047740,0.000000,0.000000,0.000000,0.156867,0.047740,3571747849.745833
0.000000,0.000000,0.000000,0.000000,0.047722,0.000000,0.000000,0.000000,0.095508,0.047722,3571747849.755830
0.000000,0.000000,0.000000,0.000000,0.047704,0.000000,0.000000,0.000000,0.059849,0.047704,3571747849.765832
0.000000,0.000000,0.000000,0.000000,-0.047657,0.000000,0.000000,1.000000,0.059849,0.047657,3571747849.775832
0.000000,0.000000,0.000000,0.000000,0.047667,0.000000,0.000000,0.000000,0.094022,0.047667,3571747849.785832
0.000000,0.000000,0.000000,0.000000,-0.047677,0.000000,0.000000,1.000000,0.094022,0.047677,3571747849.795833
0.000000,0.000000,0.000000,0.000000,0.047687,0.000000,0.000000,0.000000,0.078093,0.047687,3571747849.805833
0.000000,0.000000,0.000000,0.000000,0.000000,0.000000,0.000000,1.000000,0.078093,0.047640,3571747849.815830
0.000000,0.000000,0.000000,0.000000,-0.047650,0.000000,0.000000,0.000000,0.105349,0.047650,3571747849.825832
0.000000,0.000000,0.000000,0.000000,-0.047603,0.000000,0.000000,1.000000,0.105349,0.047603,3571747849.835832
0.000000,0.000000,0.000000,0.000000,0.047613,0.000000,0.000000,1.000000,0.105349,0.047613,3571747849.845830
0.000000,0.000000,0.000000,0.000000,0.000000,0.000000,0.000000,1.000000,0.105349,0.047595,3571747849.855834
0.000000,0.000000,0.000000,0.000000,-0.000000,0.000000,0.000000,0.000000,0.138687,0.047548,3571747849.865833
0.000000,0.000000,0.000000,0.000000,-0.047502,0.000000,0.000000,1.000000,0.138687,0.047502,3571747849.875831
0.000000,0.000000,0.000000,0.000000,0.047512,0.000000,0.000000,0.000000,0.101571,0.047512,3571747849.885831
0.000000,0.000000,0.000000,0.000000,0.000000,0.000000,0.000000,1.000000,0.101571,0.047493,3571747849.895832
0.000000,0.000000,0.000000,0.000000,-0.047475,0.000000,0.000000,0.000000,0.152096,0.047475,3571747849.905830
0.000000,0.000000,0.000000,0.000000,0.000000,0.000000,0.000000,0.000000,0.119265,0.047429,3571747849.915833
0.000000,0.000000,0.000000,0.000000,0.000000,0.000000,0.000000,0.000000,0.127644,0.047439,3571747849.925834
0.000000,0.000000,0.000000,0.000000,0.000000,0.000000,0.000000,0.000000,0.112645,0.047420,3571747849.935831
0.000000,0.000000,0.000000,0.000000,0.000000,0.000000,0.000000,0.000000,0.062245,0.047374,3571747849.945830
0.000000,0.000000,0.000000,0.000000,0.047355,0.000000,0.000000,0.000000,0.041332,0.047355,3571747849.955831
0.000000,0.000000,0.000000,0.000000,-0.047337,0.000000,0.000000,1.000000,0.041332,0.047337,3571747849.965832
0.000000,0.000000,0.000000,0.000000,-0.047319,0.000000,0.000000,1.000000,0.041332,0.047319,3571747849.975833
0.000000,0.000000,0.000000,0.000000,0.000000,0.000000,0.000000,0.000000,0.178229,0.047301,3571747849.985833
0.000000,0.000000,0.000000,0.000000,0.000000,0.000000,0.000000,0.000000,0.106881,0.047311,3571747849.995832
0.000000,0.000000,0.000000,0.000000,-0.047264,0.000000,0.000000,1.000000,0.106881,0.047264,3571747850.005833
0.000000,0.000000,0.000000,0.000000,0.047218,0.000000,0.000000,0.000000,0.117104,0.047218,3571747850.015831
0.000000,0.000000,0.000000,0.000000,0.047200,0.000000,0.000000,1.000000,0.117104,0.047200,3571747850.025831
0.000000,0.000000,0.000000,0.000000,0.000000,0.000000,0.000000,1.000000,0.117104,0.047181,3571747850.035833
0.000000,0.000000,0.000000,0.000000,-0.047135,0.000000,0.000000,1.000000,0.117104,0.047135,3571747850.045832
0.000000,0.000000,0.000000,0.000000,0.047145,0.000000,0.000000,1.000000,0.117104,0.047145,3571747850.055830
0.000000,0.000000,0.000000,0.000000,0.000000,0.000000,0.000000,1.000000,0.117104,0.047155,3571747850.065833
0.000000,0.000000,0.000000,0.000000,0.000000,0.000000,0.000000,1.000000,0.117104,0.047137,3571747850.075831
0.000000,0.000000,0.000000,0.000000,-0.047091,0.000000,0.000000,1.000000,0.117104,0.047091,3571747850.085831
0.000000,0.000000,0.000000,0.000000,0.000000,0.000000,0.000000,1.000000,0.117104,0.047101,3571747850.095832
0.000000,0.000000,0.000000,0.000000,-0.047082,0.000000,0.000000,1.000000,0.117104,0.047082,3571747850.105833
0.000000,0.000000,0.000000,0.000000,-0.000000,0.000000,0.000000,0.000000,0.131595,0.047064,3571747850.115831
0.000000,0.000000,0.000000,0.000000,0.000000,0.000000,0.000000,1.000000,0.131595,0.047018,3571747850.125832
0.000000,0.000000,0.000000,0.000000,0.000000,0.000000,0.000000,0.000000,0.101341,0.047000,3571747850.135831
0.000000,0.000000,0.000000,0.000000,0.046954,0.000000,0.000000,0.000000,0.066340,0.046954,3571747850.145832
0.000000,0.000000,0.000000,0.000000,0.046936,0.000000,0.000000,0.000000,0.067830,0.046936,3571747850.155833
0.000000,0.000000,0.000000,0.000000,-0.046918,0.000000,0.000000,0.000000,0.162199,0.046918,3571747850.165833
0.000000,0.000000,0.000000,0.000000,0.000000,0.000000,0.000000,1.000000,0.162199,0.046900,3571747850.175831
0.000000,0.000000,0.000000,0.000000,-0.046909,0.000000,0.000000,1.000000,0.162199,0.046909,3571747850.185831
0.000000,0.000000,0.000000,0.000000,0.046919,0.000000,0.000000,0.000000,0.021354,0.046919,3571747850.195832
0.000000,0.000000,0.000000,0.000000,0.000000,0.000000,0.000000,1.000000,0.021354,0.046873,3571747850.205833
0.000000,0.000000,0.000000,0.000000,-0.000000,0.000000,0.000000,1.000000,0.021354,0.046855,3571747850.215833
0.000000,0.000000,0.000000,0.000000,-0.046809,0.000000,0.000000,1.000000,0.021354,0.046809,3571747850.225834
0.000000,0.000000,0.000000,0.000000,0.000000,0.000000,0.000000,1.000000,0.021354,0.046819,3571747850.235831
0.000000,0.000000,0.000000,0.000000,0.046801,0.000000,0.000000,0.000000,0.010327,0.046801,3571747850.245831
0.000000,0.000000,0.000000,0.000000,0.000000,0.000000,0.000000,1.000000,0.010327,0.046783,3571747850.255831
0.000000,0.000000,0.000000,0.000000,0.000000,0.000000,0.000000,0.000000,0.076238,0.046737,3571747850.265831
0.000000,0.000000,0.000000,0.000000,0.000000,0.000000,0.000000,1.000000,0.076238,0.046719,3571747850.275833
0.000000,0.000000,0.000000,0.000000,0.000000,0.000000,0.000000,0.000000,0.066624,0.046729,3571747850.285834
0.000000,0.000000,0.000000,0.000000,-0.046711,0.000000,0.000000,1.000000,0.066624,0.046711,3571747850.295831
0.000000,0.000000,0.000000,0.000000,0.000000,0.000000,0.000000,0.000000,0.144766,0.046693,3571747850.305833
0.000000,0.000000,0.000000,0.000000,0.046675,0.000000,0.000000,1.000000,0.144766,0.046675,3571747850.315831
0.000000,0.000000,0.000000,0.000000,0.000000,0.000000,0.000000,0.000000,0.065413,0.046657,3571747850.325832
0.000000,0.000000,0.000000,0.000000,0.000000,0.000000,0.000000,0.000000,0.117198,0.046611,3571747850.335834
0.000000,0.000000,0.000000,0.000000,0.000000,0.000000,0.000000,1.000000,0.117198,0.046593,3571747850.345832
0.000000,0.000000,0.000000,0.000000,-0.046603,0.000000,0.000000,1.000000,0.117198,0.046603,3571747850.355831
0.000000,0.000000,0.000000,0.000000,0.046585,0.000000,0.000000,0.000000,-0.000695,0.046585,3571747850.365830
0.000000,0.000000,0.000000,0.000000,-0.046567,0.000000,0.000000,1.000000,-0.000695,0.046567,3571747850.375831
0.000000,0.000000,0.000000,0.000000,-0.046549,0.000000,0.000000,0.000000,0.155401,0.046549,3571747850.385830
0.000000,0.000000,0.000000,0.000000,0.000000,0.000000,0.000000,1.000000,0.155401,0.046504,3571747850.395833
0.000000,0.000000,0.000000,0.000000,0.000000,0.000000,0.000000,0.000000,0.050557,0.046513,3571747850.405833
0.000000,0.000000,0.000000,0.000000,-0.046468,0.000000,0.000000,1.000000,0.050557,0.046468,3571747850.415831
0.000000,0.000000,0.000000,0.000000,0.000000,0.000000,0.000000,0.000000,0.111759,0.046422,3571747850.425832
0.000000,0.000000,0.000000,0.000000,-0.046404,0.000000,0.000000,1.000000,0.111759,0.046404,3571747850.435831
0.000000,0.000000,0.000000,0.000000,0.000000,0.000000,0.000000,0.000000,0.061409,0.046386,3571747850.445832
0.000000,0.000000,0.000000,0.000000,-0.046341,0.000000,0.000000,1.000000,0.061409,0.046341,3571747850.455833
0.000000,0.000000,0.000000,0.000000,0.046323,0.000000,0.000000,0.000000,0.091758,0.046323,3571747850.465832
0.000000,0.000000,0.000000,0.000000,-0.046277,0.000000,0.000000,1.000000,0.091758,0.046277,3571747850.475832
0.000000,0.000000,0.000000,0.000000,-0.046260,0.000000,0.000000,0.000000,0.167049,0.046260,3571747850.485831
0.000000,0.000000,0.000000,0.000000,0.046214,0.000000,0.000000,0.000000,0.042552,0.046214,3571747850.495833
0.000000,0.000000,0.000000,0.000000,0.000000,0.000000,0.000000,0.000000,0.055924,0.046224,3571747850.505833
0.000000,0.000000,0.000000,0.000000,0.000000,0.000000,0.000000,1.000000,0.055924,0.046179,3571747850.515833
0.000000,0.000000,0.000000,0.000000,-0.046133,0.000000,0.000000,1.000000,0.055924,0.046133,3571747850.525835
0.000000,0.000000,0.000000,0.000000,0.046143,0.000000,0.000000,0.000000,0.029694,0.046143,3571747850.535831
0.000000,0.000000,0.000000,0.000000,-0.046125,0.000000,0.000000,1.000000,0.029694,0.046125,3571747850.545831
0.000000,0.000000,0.000000,0.000000,0.000000,0.000000,0.000000,0.000000,0.107421,0.046107,3571747850.555832
0.000000,0.000000,0.000000,0.000000,0.046062,0.000000,0.000000,0.000000,0.061739,0.046062,3571747850.565831
0.000000,0.000000,0.000000,0.000000,0.000000,0.000000,0.000000,0.000000,0.068167,0.046072,3571747850.575832
0.000000,0.000000,0.000000,0.000000,0.000000,0.000000,0.000000,0.000000,0.060277,0.046027,3571747850.585833
0.000000,0.000000,0.000000,0.000000,-0.046009,0.000000,0.000000,1.000000,0.060277,0.046009,3571747850.595831
0.000000,0.000000,0.000000,0.000000,0.000000,0.000000,0.000000,0.000000,0.105451,0.046019,3571747850.605832
0.000000,0.000000,0.000000,0.000000,-0.046001,0.000000,0.000000,0.000000,0.123778,0.046001,3571747850.615831
0.000000,0.000000,0.000000,0.000000,0.000000,0.000000,0.000000,0.000000,0.046403,0.045983,3571747850.625832
0.000000,0.000000,0.000000,0.000000,0.045938,0.000000,0.000000,0.000000,0.048334,0.045938,3571747850.635833
0.000000,0.000000,0.000000,0.000000,-0.045920,0.000000,0.000000,1.000000,0.048334,0.045920,3571747850.645832
0.000000,0.000000,0.000000,0.000000,0.045875,0.000000,0.000000,0.000000,0.073751,0.045875,3571747850.655833
0.000000,0.000000,0.000000,0.000000,0.045858,0.000000,0.000000,0.000000,0.074418,0.045858,3571747850.665832
0.000000,0.000000,0.000000,0.000000,0.000000,0.000000,0.000000,0.000000,0.048910,0.045867,3571747850.675831
0.000000,0.000000,0.000000,0.000000,0.000000,0.000000,0.000000,0.000000,0.059194,0.045822,3571747850.685832
0.000000,0.000000,0.000000,0.000000,0.000000,0.000000,0.000000,1.000000,0.059194,0.045832,3571747850.695834
0.000000,0.000000,0.000000,0.000000,0.045841,0.000000,0.000000,1.000000,0.059194,0.045841,3571747850.705833
0.000000,0.000000,0.000000,0.000000,0.000000,0.000000,0.000000,1.000000,0.059194,0.045824,3571747850.715830
0.000000,0.000000,0.000000,0.000000,0.045806,0.000000,0.000000,0.000000,0.080280,0.045806,3571747850.725832
0.000000,0.000000,0.000000,0.000000,0.000000,0.000000,0.000000,0.000000,0.072023,0.045789,3571747850.735831
0.000000,0.000000,0.000000,0.000000,-0.045798,0.000000,0.000000,1.000000,0.072023,0.045798,3571747850.745832
0.000000,0.000000,0.000000,0.000000,-0.000000,0.000000,0.000000,0.000000,0.094538,0.045781,3571747850.755833
0.000000,0.000000,0.000000,0.000000,-0.045790,0.000000,0.000000,0.000000,0.076787,0.045790,3571747850.765833
0.000000,0.000000,0.000000,0.000000,0.000000,0.000000,0.000000,0.000000,0.065833,0.045772,3571747850.775831
0.000000,0.000000,0.000000,0.000000,0.000000,0.000000,0.000000,0.000000,0.066461,0.045728,3571747850.785832
0.000000,0.000000,0.000000,0.000000,-0.045710,0.000000,0.000000,0.000000,0.127207,0.045710,3571747850.795832
0.000000,0.000000,0.000000,0.000000,0.000000,0.000000,0.000000,0.000000,0.117726,0.045665,3571747850.805830
0.000000,0.000000,0.000000,0.000000,0.045647,0.000000,0.000000,0.000000,0.005268,0.045647,3571747850.815833
0.000000,0.000000,0.000000,0.000000,0.045630,0.000000,0.000000,1.000000,0.005268,0.045630,3571747850.825833
0.000000,0.000000,0.000000,0.000000,0.045585,0.000000,0.000000,0.000000,0.030593,0.045585,3571747850.835831
0.000000,0.000000,0.000000,0.000000,0.000000,0.000000,0.000000,1.000000,0.030593,0.045568,3571747850.845830
0.000000,0.000000,0.000000,0.000000,0.045577,0.000000,0.000000,1.000000,0.030593,0.045577,3571747850.855831
0.000000,0.000000,0.000000,0.000000,-0.000000,0.000000,0.000000,1.000000,0.030593,0.045587,3571747850.865832
0.000000,0.000000,0.000000,0.000000,-0.045596,0.000000,0.000000,0.000000,0.079395,0.045596,3571747850.875834
0.000000,0.000000,0.000000,0.000000,-0.045579,0.000000,0.000000,1.000000,0.079395,0.045579,3571747850.885833
0.000000,0.000000,0.000000,0.000000,0.000000,0.000000,0.000000,0.000000,0.125967,0.045588,3571747850.895831
0.000000,0.000000,0.000000,0.000000,0.000000,0.000000,0.000000,0.000000,0.055575,0.045571,3571747850.905830
0.000000,0.000000,0.000000,0.000000,0.000000,0.000000,0.000000,1.000000,0.055575,0.045526,3571747850.915832
0.000000,0.000000,0.000000,0.000000,0.000000,0.000000,0.000000,0.000000,0.037661,0.045481,3571747850.925832
0.000000,0.000000,0.000000,0.000000,-0.045464,0.000000,0.000000,1.000000,0.037661,0.045464,3571747850.935833
0.000000,0.000000,0.000000,0.000000,0.045446,0.000000,0.000000,0.000000,0.068544,0.045446,3571747850.945832
0.000000,0.000000,0.000000,0.000000,0.000000,0.000000,0.000000,1.000000,0.068544,0.045429,3571747850.955832
0.000000,0.000000,0.000000,0.000000,0.045411,0.000000,0.000000,0.000000,0.048293,0.045411,3571747850.965831
0.000000,0.000000,0.000000,0.000000,-0.045367,0.000000,0.000000,1.000000,0.048293,0.045367,3571747850.975831
0.000000,0.000000,0.000000,0.000000,0.045376,0.000000,0.000000,1.000000,0.048293,0.045376,3571747850.985831
0.000000,0.000000,0.000000,0.000000,0.045359,0.000000,0.000000,0.000000,0.031629,0.045359,3571747850.995832
0.000000,0.000000,0.000000,0.000000,0.045368,0.000000,0.000000,0.000000,0.058186,0.045368,3571747851.005833
0.000000,0.000000,0.000000,0.000000,0.045324,0.000000,0.000000,0.000000,-0.029342,0.045324,3571747851.015831
0.000000,0.000000,0.000000,0.000000,0.000000,0.000000,0.000000,1.000000,-0.029342,0.045333,3571747851.025832
0.000000,0.000000,0.000000,0.000000,0.000000,0.000000,0.000000,0.000000,0.064524,0.045343,3571747851.035831
0.000000,0.000000,0.000000,0.000000,0.045352,0.000000,0.000000,0.000000,-0.034719,0.045352,3571747851.045832
0.000000,0.000000,0.000000,0.000000,0.045362,0.000000,0.000000,1.000000,-0.034719,0.045362,3571747851.055833
0.000000,0.000000,0.000000,0.000000,0.045345,0.000000,0.000000,1.000000,-0.034719,0.045345,3571747851.065832
0.000000,0.000000,0.000000,0.000000,0.045327,0.000000,0.000000,1.000000,-0.034719,0.045327,3571747851.075831
0.000000,0.000000,0.000000,0.000000,-0.000000,0.000000,0.000000,1.000000,-0.034719,0.045337,3571747851.085832
0.000000,0.000000,0.000000,0.000000,-0.045346,0.000000,0.000000,0.000000,0.117725,0.045346,3571747851.095830
0.000000,0.000000,0.000000,0.000000,0.045356,0.000000,0.000000,0.000000,-0.050236,0.045356,3571747851.105833
0.000000,0.000000,0.000000,0.000000,0.000000,0.000000,0.000000,1.000000,-0.050236,0.045365,3571747851.115832
0.000000,0.000000,0.000000,0.000000,-0.045348,0.000000,0.000000,1.000000,-0.050236,0.045348,3571747851.125834
0.000000,0.000000,0.000000,0.000000,0.000000,0.000000,0.000000,1.000000,-0.050236,0.045303,3571747851.135831
0.000000,0.000000,0.000000,0.000000,0.000000,0.000000,0.000000,0.000000,0.048304,0.045313,3571747851.145833
0.000000,0.000000,0.000000,0.000000,-0.045295,0.000000,0.000000,0.000000,0.035119,0.045295,3571747851.155830
0.000000,0.000000,0.000000,0.000000,0.045251,0.000000,0.000000,0.000000,0.069890,0.045251,3571747851.165830
0.000000,0.000000,0.000000,0.000000,0.000000,0.000000,0.000000,0.000000,0.045080,0.045233,3571747851.175833
0.000000,0.000000,0.000000,0.000000,-0.045216,0.000000,0.000000,1.000000,0.045080,0.045216,3571747851.185832
0.000000,0.000000,0.000000,0.000000,0.000000,0.000000,0.000000,0.000000,0.075030,0.045172,3571747851.195832
0.000000,0.000000,0.000000,0.000000,0.045181,0.000000,0.000000,0.000000,-0.008374,0.045181,3571747851.205833
0.000000,0.000000,0.000000,0.000000,0.000000,0.000000,0.000000,0.000000,0.022291,0.045164,3571747851.215831
0.000000,0.000000,0.000000,0.000000,0.000000,0.000000,0.000000,1.000000,0.022291,0.045119,3571747851.225832
0.000000,0.000000,0.000000,0.000000,-0.045102,0.000000,0.000000,1.000000,0.022291,0.045102,3571747851.235834
0.000000,0.000000,0.000000,0.000000,-0.045111,0.000000,0.000000,0.000000,0.064741,0.045111,3571747851.245833
0.000000,0.000000,0.000000,0.000000,-0.000000,0.000000,0.000000,0.000000,0.067261,0.045094,3571747851.255832
0.000000,0.000000,0.000000,0.000000,-0.045077,0.000000,0.000000,0.000000,0.101665,0.045077,3571747851.265831
0.000000,0.000000,0.000000,0.000000,-0.045032,0.000000,0.000000,0.000000,0.095566,0.045032,3571747851.275831
0.000000,0.000000,0.000000,0.000000,0.000000,0.000000,0.000000,0.000000,0.136260,0.044988,3571747851.285833
0.000000,0.000000,0.000000,0.000000,0.000000,0.000000,0.000000,0.000000,0.145648,0.044971,3571747851.295833
0.000000,0.000000,0.000000,0.000000,-0.044927,0.000000,0.000000,0.000000,0.117148,0.044927,3571747851.305832
0.000000,0.000000,0.000000,0.000000,0.000000,0.000000,0.000000,0.000000,0.050307,0.044883,3571747851.315831
0.000000,0.000000,0.000000,0.000000,0.000000,0.000000,0.000000,0.000000,0.019206,0.044865,3571747851.325832
0.000000,0.000000,0.000000,0.000000,-0.044848,0.000000,0.000000,1.000000,0.019206,0.044848,3571747851.335832
0.000000,0.000000,0.000000,0.000000,0.044804,0.000000,0.000000,0.000000,0.003024,0.044804,3571747851.345830
0.000000,0.000000,0.000000,0.000000,0.044787,0.000000,0.000000,0.000000,0.018135,0.044787,3571747851.355834
0.000000,0.000000,0.000000,0.000000,0.000000,0.000000,0.000000,1.000000,0.018135,0.044769,3571747851.365833
0.000000,0.000000,0.000000,0.000000,0.000000,0.000000,0.000000,1.000000,0.018135,0.044725,3571747851.375831
0.000000,0.000000,0.000000,0.000000,0.000000,0.000000,0.000000,1.000000,0.018135,0.044735,3571747851.385831
0.000000,0.000000,0.000000,0.000000,-0.044744,0.000000,0.000000,1.000000,0.018135,0.044744,3571747851.395833
0.000000,0.000000,0.000000,0.000000,0.000000,0.000000,0.000000,0.000000,-0.001273,0.044727,3571747851.405834
0.000000,0.000000,0.000000,0.000000,0.044710,0.000000,0.000000,0.000000,0.029094,0.044710,3571747851.415833
0.000000,0.000000,0.000000,0.000000,0.000000,0.000000,0.000000,0.000000,0.018944,0.044693,3571747851.425834
0.000000,0.000000,0.000000,0.000000,0.044649,0.000000,0.000000,1.000000,0.018944,0.044649,3571747851.435831
0.000000,0.000000,0.000000,0.000000,0.000000,0.000000,0.000000,1.000000,0.018944,0.044632,3571747851.445832
0.000000,0.000000,0.000000,0.000000,-0.044641,0.000000,0.000000,0.000000,0.124333,0.044641,3571747851.455831
0.000000,0.000000,0.000000,0.000000,0.000000,0.000000,0.000000,1.000000,0.124333,0.044624,3571747851.465831
0.000000,0.000000,0.000000,0.000000,-0.044633,0.000000,0.000000,0.000000,0.073637,0.044633,3571747851.475833
0.000000,0.000000,0.000000,0.000000,0.000000,0.000000,0.000000,0.000000,0.077556,0.044616,3571747851.485833
0.000000,0.000000,0.000000,0.000000,-0.044572,0.000000,0.000000,1.000000,0.077556,0.044572,3571747851.495832
0.000000,0.000000,0.000000,0.000000,-0.000000,0.000000,0.000000,0.000000,0.047670,0.044555,3571747851.505833
0.000000,0.000000,0.000000,0.000000,0.000000,0.000000,0.000000,1.000000,0.047670,0.044511,3571747851.515831
0.000000,0.000000,0.000000,0.000000,0.000000,0.000000,0.000000,0.000000,0.040785,0.044494,3571747851.525832
0.000000,0.000000,0.000000,0.000000,-0.044450,0.000000,0.000000,0.000000,0.085814,0.044450,3571747851.535833
0.000000,0.000000,0.000000,0.000000,0.000000,0.000000,0.000000,0.000000,0.072657,0.044433,3571747851.545833
0.000000,0.000000,0.000000,0.000000,-0.044416,0.000000,0.000000,0.000000,0.089350,0.044416,3571747851.555831
0.000000,0.000000,0.000000,0.000000,0.000000,0.000000,0.000000,0.000000,0.089502,0.044399,3571747851.565831
0.000000,0.000000,0.000000,0.000000,-0.044355,0.000000,0.000000,0.000000,0.088258,0.044355,3571747851.575831
0.000000,0.000000,0.000000,0.000000,0.000000,0.000000,0.000000,0.000000,0.090820,0.044338,3571747851.585831
0.000000,0.000000,0.000000,0.000000,0.000000,0.000000,0.000000,0.000000,0.019823,0.044295,3571747851.595832
0.000000,0.000000,0.000000,0.000000,0.044278,0.000000,0.000000,0.000000,0.003598,0.044278,3571747851.605833
0.000000,0.000000,0.000000,0.000000,0.000000,0.000000,0.000000,1.000000,0.003598,0.044234,3571747851.615831
0.000000,0.000000,0.000000,0.000000,0.044217,0.000000,0.000000,1.000000,0.003598,0.044217,3571747851.625832
0.000000,0.000000,0.000000,0.000000,0.044200,0.000000,0.000000,1.000000,0.003598,0.044200,3571747851.635832
0.000000,0.000000,0.000000,0.000000,-0.044210,0.000000,0.000000,0.000000,0.117191,0.044210,3571747851.645831
0.000000,0.000000,0.000000,0.000000,0.000000,0.000000,0.000000,0.000000,0.022022,0.044192,3571747851.655834
0.000000,0.000000,0.000000,0.000000,0.000000,0.000000,0.000000,0.000000,0.023578,0.044202,3571747851.665833
0.000000,0.000000,0.000000,0.000000,0.000000,0.000000,0.000000,1.000000,0.023578,0.044211,3571747851.675831
0.000000,0.000000,0.000000,0.000000,-0.044168,0.000000,0.000000,0.000000,0.119111,0.044168,3571747851.685831
0.000000,0.000000,0.000000,0.000000,-0.044151,0.000000,0.000000,1.000000,0.119111,0.044151,3571747851.695831
0.000000,0.000000,0.000000,0.000000,-0.044134,0.000000,0.000000,0.000000,0.077839,0.044134,3571747851.705832
0.000000,0.000000,0.000000,0.000000,0.000000,0.000000,0.000000,0.000000,0.062536,0.044117,3571747851.715833
0.000000,0.000000,0.000000,0.000000,0.044073,0.000000,0.000000,0.000000,0.010688,0.044073,3571747851.725834
0.000000,0.000000,0.000000,0.000000,-0.044030,0.000000,0.000000,0.000000,0.042269,0.044030,3571747851.735830
0.000000,0.000000,0.000000,0.000000,0.000000,0.000000,0.000000,0.000000,0.038393,0.043987,3571747851.745831
0.000000,0.000000,0.000000,0.000000,0.000000,0.000000,0.000000,0.000000,0.096265,0.043970,3571747851.755830
0.000000,0.000000,0.000000,0.000000,-0.043979,0.000000,0.000000,0.000000,0.069937,0.043979,3571747851.765831
0.000000,0.000000,0.000000,0.000000,0.043936,0.000000,0.000000,0.000000,-0.014983,0.043936,3571747851.775834
0.000000,0.000000,0.000000,0.000000,-0.043919,0.000000,0.000000,1.000000,-0.014983,0.043919,3571747851.785834
0.000000,0.000000,0.000000,0.000000,0.000000,0.000000,0.000000,0.000000,0.040180,0.043902,3571747851.795831
0.000000,0.000000,0.000000,0.000000,-0.043859,0.000000,0.000000,1.000000,0.040180,0.043859,3571747851.805833
0.000000,0.000000,0.000000,0.000000,0.000000,0.000000,0.000000,0.000000,0.045527,0.043868,3571747851.815831
0.000000,0.000000,0.000000,0.000000,0.000000,0.000000,0.000000,0.000000,-0.032627,0.043825,3571747851.825832
0.000000,0.000000,0.000000,0.000000,-0.043808,0.000000,0.000000,0.000000,-0.018426,0.043808,3571747851.835834
