psi_in,x_in,y_in,eta_hat(1,1),eta_hat(2,1),eta_hat(3,1),eta_tilde(1,1),eta_tilde(2,1),eta_tilde(3,1),Tau_post(1,1),Tau_post(2,1),Tau_post(3,1),u_real  ,Absolute Time,NoiseEnable,NoisePowHead,NoisePowPos
0.000000,0.000000,0.000000,0.000000,0.000000,0.000000,0.000000,0.000000,0.000000,0.000000,0.000000,0.000000,0.000000,3573986496.442793,1.000000,0.000000,0.000000
0.000000,0.000000,0.000000,0.000000,0.000000,0.000000,0.000000,0.000000,0.000000,0.000000,0.000000,0.000000,0.000000,3573986496.542793,1.000000,0.000000,0.000000
0.000000,0.000000,0.000000,0.000000,0.000000,0.000000,0.000000,0.000000,0.000000,0.000000,0.000000,0.000000,0.000000,3573986496.642792,1.000000,0.000000,0.000000
0.000000,0.000000,0.000000,0.000000,0.000000,0.000000,0.000000,0.000000,0.000000,0.000000,0.000000,0.000000,0.000000,3573986496.742792,1.000000,0.000000,0.000000
0.000000,0.000000,0.000000,0.000000,0.000000,0.000000,0.000000,0.000000,0.000000,0.000000,0.000000,0.000000,0.000000,3573986496.842793,1.000000,0.000000,0.000000
0.000000,0.000000,0.000000,0.000000,0.000000,0.000000,0.000000,0.000000,0.000000,0.000000,0.000000,0.000000,0.000000,3573986496.942791,1.000000,0.000000,0.000000
0.000000,0.000000,0.000000,0.000000,0.000000,0.000000,0.000000,0.000000,0.000000,0.000000,0.000000,0.000000,0.000000,3573986497.042792,1.000000,0.000000,0.000000
0.000000,0.000000,0.000000,0.000000,0.000000,0.000000,0.000000,0.000000,0.000000,0.000000,0.000000,0.000000,0.000000,3573986497.142793,1.000000,0.000000,0.000000
0.000000,0.000000,0.000000,0.000000,0.000000,0.000000,0.000000,0.000000,0.000000,0.000000,0.000000,0.000000,0.000000,3573986497.242792,1.000000,0.000000,0.000000
0.000000,0.000000,0.000000,0.000000,0.000000,0.000000,0.000000,0.000000,0.000000,0.000000,0.000000,0.000000,0.000000,3573986497.342793,1.000000,0.000000,0.000000
0.000000,0.000000,0.000000,0.000000,0.000000,0.000000,0.000000,0.000000,0.000000,0.339872,0.000000,0.000000,0.000000,3573986497.442793,1.000000,0.000000,0.000000
0.000000,0.000171,0.000000,0.000307,0.000000,0.000000,-0.000186,0.000000,0.000000,2.213500,0.000000,0.000000,0.004431,3573986497.542792,1.000000,0.000000,0.000000
0.000000,0.001380,0.000000,0.001774,0.000000,0.000000,-0.000574,0.000000,0.000000,2.213500,0.000000,0.000000,0.017344,3573986497.642794,1.000000,0.000000,0.000000
0.000000,0.003900,0.000000,0.004546,0.000000,0.000000,-0.000957,0.000000,0.000000,2.213500,0.000000,0.000000,0.030435,3573986497.742793,1.000000,0.000000,0.000000
0.000000,0.007726,0.000000,0.008617,0.000000,0.000000,-0.001332,0.000000,0.000000,2.213500,0.000000,0.000000,0.043476,3573986497.842792,1.000000,0.000000,0.000000
0.000000,0.012854,0.000000,0.013982,0.000000,0.000000,-0.001700,0.000000,0.000000,2.213500,0.000000,0.000000,0.056466,3573986497.942793,1.000000,0.000000,0.000000
0.000000,0.019277,0.000000,0.020636,0.000000,0.000000,-0.002059,0.000000,0.000000,2.213500,0.000000,0.000000,0.069407,3573986498.042793,1.000000,0.000000,0.000000
0.000000,0.026992,0.000000,0.028572,0.000000,0.000000,-0.002410,0.000000,0.000000,2.213500,0.000000,0.000000,0.082296,3573986498.142793,1.000000,0.000000,0.000000
0.000000,0.035992,0.000000,0.037786,0.000000,0.000000,-0.002752,0.000000,0.000000,2.213500,0.000000,0.000000,0.095134,3573986498.242793,1.000000,0.000000,0.000000
0.000000,0.046273,0.000000,0.048272,0.000000,0.000000,-0.003085,0.000000,0.000000,2.213500,0.000000,0.000000,0.107919,3573986498.342793,1.000000,0.000000,0.000000
0.000000,0.057829,0.000000,0.060024,0.000000,0.000000,-0.003407,0.000000,0.000000,2.213500,0.000000,0.000000,0.120650,3573986498.442793,1.000000,0.000000,0.000000
0.000000,0.070655,0.000000,0.073036,0.000000,0.000000,-0.003720,0.000000,0.000000,2.213500,0.000000,0.000000,0.133326,3573986498.542793,1.000000,0.000000,0.000000
0.000000,0.084745,0.000000,0.087302,0.000000,0.000000,-0.004022,0.000000,0.000000,2.213500,0.000000,0.000000,0.145944,3573986498.642794,1.000000,0.000000,0.000000
0.000000,0.100094,0.000000,0.102816,0.000000,0.000000,-0.004313,0.000000,0.000000,2.213500,0.000000,0.000000,0.158502,3573986498.742792,1.000000,0.000000,0.000000
0.000000,0.116694,0.000000,0.119571,0.000000,0.000000,-0.004593,0.000000,0.000000,2.213500,0.000000,0.000000,0.170999,3573986498.842793,1.000000,0.000000,0.000000
0.000000,0.134541,0.000000,0.137562,0.000000,0.000000,-0.004862,0.000000,0.000000,2.213500,0.000000,0.000000,0.183431,3573986498.942792,1.000000,0.000000,0.000000
0.000000,0.153626,0.000000,0.156780,0.000000,0.000000,-0.005119,0.000000,0.000000,2.213500,0.000000,0.000000,0.195796,3573986499.042791,1.000000,0.000000,0.000000
0.000000,0.173944,0.000000,0.177220,0.000000,0.000000,-0.005363,0.000000,0.000000,2.213500,0.000000,0.000000,0.208091,3573986499.142793,1.000000,0.000000,0.000000
0.000000,0.195487,0.000000,0.198873,0.000000,0.000000,-0.005595,0.000000,0.000000,2.213500,0.000000,0.000000,0.220314,3573986499.242793,1.000000,0.000000,0.000000
0.000000,0.218248,0.000000,0.221732,0.000000,0.000000,-0.005815,0.000000,0.000000,2.213500,0.000000,0.000000,0.232459,3573986499.342792,1.000000,0.000000,0.000000
0.000000,0.242218,0.000000,0.245789,0.000000,0.000000,-0.006022,0.000000,0.000000,2.213500,0.000000,0.000000,0.244526,3573986499.442794,1.000000,0.000000,0.000000
0.000000,0.267390,0.000000,0.271035,0.000000,0.000000,-0.006215,0.000000,0.000000,2.213500,0.000000,0.000000,0.256509,3573986499.542793,1.000000,0.000000,0.000000
0.000000,0.293756,0.000000,0.297462,0.000000,0.000000,-0.006396,0.000000,0.000000,2.213500,0.000000,0.000000,0.268405,3573986499.642792,1.000000,0.000000,0.000000
0.000000,0.321305,0.000000,0.325061,0.000000,0.000000,-0.006563,0.000000,0.000000,2.213500,0.000000,0.000000,0.280211,3573986499.742793,1.000000,0.000000,0.000000
0.000000,0.350030,0.000000,0.353822,0.000000,0.000000,-0.006717,0.000000,0.000000,2.213500,0.000000,0.000000,0.291922,3573986499.842793,1.000000,0.000000,0.000000
0.000000,0.379920,0.000000,0.383736,0.000000,0.000000,-0.006857,0.000000,0.000000,2.213500,0.000000,0.000000,0.303534,3573986499.942792,1.000000,0.000000,0.000000
0.000000,0.410964,0.000000,0.414792,0.000000,0.000000,-0.006984,0.000000,0.000000,2.213500,0.000000,0.000000,0.315045,3573986500.042793,1.000000,0.000000,0.000000
0.000000,0.443154,0.000000,0.446981,0.000000,0.000000,-0.007097,0.000000,0.000000,2.213500,0.000000,0.000000,0.326449,3573986500.142793,1.000000,0.000000,0.000000
0.000000,0.476477,0.000000,0.480291,0.000000,0.000000,-0.007197,0.000000,0.000000,2.213500,0.000000,0.000000,0.337742,3573986500.242793,1.000000,0.000000,0.000000
0.000000,0.510923,0.000000,0.514711,0.000000,0.000000,-0.007283,0.000000,0.000000,2.213500,0.000000,0.000000,0.348921,3573986500.342793,1.000000,0.000000,0.000000
0.000000,0.546480,0.000000,0.550229,0.000000,0.000000,-0.007355,0.000000,0.000000,2.213500,0.000000,0.000000,0.359981,3573986500.442792,1.000000,0.000000,0.000000
0.000000,0.583135,0.000000,0.586834,0.000000,0.000000,-0.007414,0.000000,0.000000,2.213500,0.000000,0.000000,0.370918,3573986500.542792,1.000000,0.000000,0.000000
0.000000,0.620877,0.000000,0.624513,0.000000,0.000000,-0.007459,0.000000,0.000000,2.213500,0.000000,0.000000,0.381729,3573986500.642793,1.000000,0.000000,0.000000
0.000000,0.659691,0.000000,0.663253,0.000000,0.000000,-0.007491,0.000000,0.000000,2.213500,0.000000,0.000000,0.392409,3573986500.742792,1.000000,0.000000,0.000000
0.000000,0.699566,0.000000,0.703042,0.000000,0.000000,-0.007510,0.000000,0.000000,2.213500,0.000000,0.000000,0.402955,3573986500.842793,1.000000,0.000000,0.000000
0.000000,0.740487,0.000000,0.743865,0.000000,0.000000,-0.007516,0.000000,0.000000,2.213500,0.000000,0.000000,0.413363,3573986500.942793,1.000000,0.000000,0.000000
0.000000,0.782440,0.000000,0.785709,0.000000,0.000000,-0.007510,0.000000,0.000000,2.213500,0.000000,0.000000,0.423629,3573986501.042792,1.000000,0.000000,0.000000
0.000000,0.825412,0.000000,0.828560,0.000000,0.000000,-0.007491,0.000000,0.000000,2.213500,0.000000,0.000000,0.433749,3573986501.142793,1.000000,0.000000,0.000000
0.000000,0.869386,0.000000,0.872403,0.000000,0.000000,-0.007460,0.000000,0.000000,2.213500,0.000000,0.000000,0.443721,3573986501.242793,1.000000,0.000000,0.000000
0.000000,0.914349,0.000000,0.917225,0.000000,0.000000,-0.007416,0.000000,0.000000,2.213500,0.000000,0.000000,0.453541,3573986501.342792,1.000000,0.000000,0.000000
0.000000,0.960284,0.000000,0.963008,0.000000,0.000000,-0.007362,0.000000,0.000000,2.213500,0.000000,0.000000,0.463206,3573986501.442792,1.000000,0.000000,0.000000
0.000000,1.007176,0.000000,1.009740,0.000000,0.000000,-0.007295,0.000000,0.000000,2.213500,0.000000,0.000000,0.472713,3573986501.542793,1.000000,0.000000,0.000000
0.000000,1.055009,0.000000,1.057402,0.000000,0.000000,-0.007218,0.000000,0.000000,2.213500,0.000000,0.000000,0.482059,3573986501.642793,1.000000,0.000000,0.000000
0.000000,1.103768,0.000000,1.105981,0.000000,0.000000,-0.007131,0.000000,0.000000,2.213500,0.000000,0.000000,0.491243,3573986501.742792,1.000000,0.000000,0.000000
0.000000,1.153434,0.000000,1.155460,0.000000,0.000000,-0.007033,0.000000,0.000000,2.213500,0.000000,0.000000,0.500261,3573986501.842793,1.000000,0.000000,0.000000
0.000000,1.203993,0.000000,1.205822,0.000000,0.000000,-0.006925,0.000000,0.000000,2.213500,0.000000,0.000000,0.509112,3573986501.942793,1.000000,0.000000,0.000000
0.000000,1.255426,0.000000,1.257052,0.000000,0.000000,-0.006808,0.000000,0.000000,2.213500,0.000000,0.000000,0.517794,3573986502.042792,1.000000,0.000000,0.000000
0.000000,1.307717,0.000000,1.309132,0.000000,0.000000,-0.006682,0.000000,0.000000,2.213500,0.000000,0.000000,0.526305,3573986502.142792,1.000000,0.000000,0.000000
0.000000,1.360850,0.000000,1.362046,0.000000,0.000000,-0.006547,0.000000,0.000000,2.213500,0.000000,0.000000,0.534644,3573986502.242793,1.000000,0.000000,0.000000
0.000000,1.414805,0.000000,1.415777,0.000000,0.000000,-0.006404,0.000000,0.000000,2.213500,0.000000,0.000000,0.542810,3573986502.342792,1.000000,0.000000,0.000000
0.000000,1.469567,0.000000,1.470309,0.000000,0.000000,-0.006253,0.000000,0.000000,2.213500,0.000000,0.000000,0.550802,3573986502.442793,1.000000,0.000000,0.000000
0.000000,1.525118,0.000000,1.525623,0.000000,0.000000,-0.006096,0.000000,0.000000,2.213500,0.000000,0.000000,0.558619,3573986502.542793,1.000000,0.000000,0.000000
0.000000,1.581440,0.000000,1.581704,0.000000,0.000000,-0.005931,0.000000,0.000000,2.213500,0.000000,0.000000,0.566261,3573986502.642792,1.000000,0.000000,0.000000
0.000000,1.638515,0.000000,1.638534,0.000000,0.000000,-0.005760,0.000000,0.000000,2.213500,0.000000,0.000000,0.573728,3573986502.742793,1.000000,0.000000,0.000000
0.000000,1.696327,0.000000,1.696096,0.000000,0.000000,-0.005583,0.000000,0.000000,2.213500,0.000000,0.000000,0.581019,3573986502.842793,1.000000,0.000000,0.000000
0.000000,1.754857,0.000000,1.754373,0.000000,0.000000,-0.005401,0.000000,0.000000,2.213500,0.000000,0.000000,0.588135,3573986502.942792,1.000000,0.000000,0.000000
0.000000,1.814088,0.000000,1.813348,0.000000,0.000000,-0.005214,0.000000,0.000000,2.213500,0.000000,0.000000,0.595077,3573986503.042791,1.000000,0.000000,0.000000
0.000000,1.874004,0.000000,1.873004,0.000000,0.000000,-0.005022,0.000000,0.000000,2.213500,0.000000,0.000000,0.601845,3573986503.142793,1.000000,0.000000,0.000000
0.000000,1.934585,0.000000,1.933324,0.000000,0.000000,-0.004826,0.000000,0.000000,2.213500,0.000000,0.000000,0.608441,3573986503.242793,1.000000,0.000000,0.000000
0.000000,1.995816,0.000000,1.994291,0.000000,0.000000,-0.004627,0.000000,0.000000,2.213500,0.000000,0.000000,0.614864,3573986503.342793,1.000000,0.000000,0.000000
0.000000,2.057679,0.000000,2.055889,0.000000,0.000000,-0.004424,0.000000,0.000000,2.213500,0.000000,0.000000,0.621117,3573986503.442793,1.000000,0.000000,0.000000
0.000000,2.120157,0.000000,2.118101,0.000000,0.000000,-0.004219,0.000000,0.000000,2.213500,0.000000,0.000000,0.627202,3573986503.542792,1.000000,0.000000,0.000000
0.000000,2.183234,0.000000,2.180910,0.000000,0.000000,-0.004011,0.000000,0.000000,2.213500,0.000000,0.000000,0.633119,3573986503.642794,1.000000,0.000000,0.000000
0.000000,2.246892,0.000000,2.244301,0.000000,0.000000,-0.003801,0.000000,0.000000,2.213500,0.000000,0.000000,0.638870,3573986503.742793,1.000000,0.000000,0.000000
0.000000,2.311115,0.000000,2.308258,0.000000,0.000000,-0.003590,0.000000,0.000000,2.213500,0.000000,0.000000,0.644459,3573986503.842792,1.000000,0.000000,0.000000
0.000000,2.375888,0.000000,2.372764,0.000000,0.000000,-0.003377,0.000000,0.000000,2.213500,0.000000,0.000000,0.649886,3573986503.942792,1.000000,0.000000,0.000000
0.000000,2.441194,0.000000,2.437804,0.000000,0.000000,-0.003164,0.000000,0.000000,2.213500,0.000000,0.000000,0.655153,3573986504.042793,1.000000,0.000000,0.000000
0.000000,2.507017,0.000000,2.503363,0.000000,0.000000,-0.002951,0.000000,0.000000,2.213500,0.000000,0.000000,0.660265,3573986504.142792,1.000000,0.000000,0.000000
0.000000,2.573342,0.000000,2.569424,0.000000,0.000000,-0.002737,0.000000,0.000000,2.213500,0.000000,0.000000,0.665222,3573986504.242793,1.000000,0.000000,0.000000
0.000000,2.640117,0.000000,2.635850,0.000000,0.000000,-0.002409,0.000000,0.000000,0.000000,0.000000,0.000000,0.667895,3573986504.342793,1.000000,0.000000,0.000000
0.000000,2.706450,0.000000,2.701672,0.000000,0.000000,-0.001818,0.000000,0.000000,0.000000,0.000000,0.000000,0.660060,3573986504.442792,1.000000,0.000000,0.000000
0.000000,2.771973,0.000000,2.766696,0.000000,0.000000,-0.001240,0.000000,0.000000,0.000000,0.000000,0.000000,0.652039,3573986504.542793,1.000000,0.000000,0.000000
0.000000,2.836708,0.000000,2.830947,0.000000,0.000000,-0.000678,0.000000,0.000000,0.000000,0.000000,0.000000,0.644254,3573986504.642792,1.000000,0.000000,0.000000
0.000000,2.900678,0.000000,2.894448,0.000000,0.000000,-0.000133,0.000000,0.000000,0.000000,0.000000,0.000000,0.636694,3573986504.742792,1.000000,0.000000,0.000000
0.000000,2.963905,0.000000,2.957219,0.000000,0.000000,0.000396,0.000000,0.000000,0.000000,0.000000,0.000000,0.629348,3573986504.842793,1.000000,0.000000,0.000000
0.000000,3.026410,0.000000,3.019283,0.000000,0.000000,0.000908,0.000000,0.000000,0.000000,0.000000,0.000000,0.622205,3573986504.942793,1.000000,0.000000,0.000000
0.000000,3.088212,0.000000,3.080658,0.000000,0.000000,0.001405,0.000000,0.000000,0.000000,0.000000,0.000000,0.615255,3573986505.042792,1.000000,0.000000,0.000000
0.000000,3.149330,0.000000,3.141363,0.000000,0.000000,0.001886,0.000000,0.000000,0.000000,0.000000,0.000000,0.608490,3573986505.142792,1.000000,0.000000,0.000000
0.000000,3.209783,0.000000,3.201416,0.000000,0.000000,0.002351,0.000000,0.000000,0.000000,0.000000,0.000000,0.601902,3573986505.242793,1.000000,0.000000,0.000000
0.000000,3.269586,0.000000,3.260834,0.000000,0.000000,0.002801,0.000000,0.000000,0.000000,0.000000,0.000000,0.595481,3573986505.342792,1.000000,0.000000,0.000000
0.000000,3.328758,0.000000,3.319633,0.000000,0.000000,0.003235,0.000000,0.000000,0.000000,0.000000,0.000000,0.589222,3573986505.442793,1.000000,0.000000,0.000000
0.000000,3.387312,0.000000,3.377830,0.000000,0.000000,0.003654,0.000000,0.000000,0.000000,0.000000,0.000000,0.583116,3573986505.542793,1.000000,0.000000,0.000000
0.000000,3.445265,0.000000,3.435438,0.000000,0.000000,0.004058,0.000000,0.000000,-0.147738,0.000000,0.000000,0.577158,3573986505.642792,1.000000,0.000000,0.000000
0.000000,3.502437,0.000000,3.492118,0.000000,0.000000,0.004671,0.000000,0.000000,-2.213500,0.000000,0.000000,0.565821,3573986505.742793,1.000000,0.000000,0.000000
0.000000,3.557901,0.000000,3.547011,0.000000,0.000000,0.005426,0.000000,0.000000,-2.213500,0.000000,0.000000,0.547230,3573986505.842793,1.000000,0.000000,0.000000
0.000000,3.611707,0.000000,3.600427,0.000000,0.000000,0.005940,0.000000,0.000000,0.000000,0.000000,0.000000,0.534241,3573986505.942792,1.000000,0.000000,0.000000
0.000000,3.664838,0.000000,3.653288,0.000000,0.000000,0.006259,0.000000,0.000000,0.000000,0.000000,0.000000,0.529370,3573986506.042792,1.000000,0.000000,0.000000
0.000000,3.717488,0.000000,3.705681,0.000000,0.000000,0.006564,0.000000,0.000000,0.000000,0.000000,0.000000,0.524598,3573986506.142793,1.000000,0.000000,0.000000
0.000000,3.769666,0.000000,3.757615,0.000000,0.000000,0.006854,0.000000,0.000000,0.000000,0.000000,0.000000,0.519922,3573986506.242793,1.000000,0.000000,0.000000
0.000000,3.821383,0.000000,3.809101,0.000000,0.000000,0.007131,0.000000,0.000000,0.000000,0.000000,0.000000,0.515339,3573986506.342793,1.000000,0.000000,0.000000
0.000000,3.872646,0.000000,3.860146,0.000000,0.000000,0.007394,0.000000,0.000000,0.000000,0.000000,0.000000,0.510845,3573986506.442793,1.000000,0.000000,0.000000
0.000000,3.923427,0.000000,3.910651,0.000000,0.000000,0.007734,0.000000,0.000000,-2.189608,0.000000,0.000000,0.504832,3573986506.542792,1.000000,0.000000,0.000000
0.000000,3.972941,0.000000,3.959717,0.000000,0.000000,0.008350,0.000000,0.000000,-2.213500,0.000000,0.000000,0.488235,3573986506.642793,1.000000,0.000000,0.000000
0.000000,4.020739,0.000000,4.007087,0.000000,0.000000,0.008948,0.000000,0.000000,-2.213500,0.000000,0.000000,0.471175,3573986506.742793,1.000000,0.000000,0.000000
0.000000,4.066848,0.000000,4.052790,0.000000,0.000000,0.009522,0.000000,0.000000,-2.213500,0.000000,0.000000,0.454401,3573986506.842792,1.000000,0.000000,0.000000
0.000000,4.111295,0.000000,4.096854,0.000000,0.000000,0.010071,0.000000,0.000000,-2.213500,0.000000,0.000000,0.437893,3573986506.942793,1.000000,0.000000,0.000000
0.000000,4.154107,0.000000,4.139303,0.000000,0.000000,0.010596,0.000000,0.000000,-1.805268,0.000000,0.000000,0.421631,3573986507.042792,1.000000,0.000000,0.000000
0.000000,4.195577,0.000000,4.180623,0.000000,0.000000,0.010829,0.000000,0.000000,0.000000,0.000000,0.000000,0.412649,3573986507.142792,1.000000,0.000000,0.000000
0.000000,4.236672,0.000000,4.221652,0.000000,0.000000,0.010923,0.000000,0.000000,0.000000,0.000000,0.000000,0.409832,3573986507.242793,1.000000,0.000000,0.000000
0.000000,4.277489,0.000000,4.262415,0.000000,0.000000,0.011005,0.000000,0.000000,0.000000,0.000000,0.000000,0.407053,3573986507.342792,1.000000,0.000000,0.000000
0.000000,4.318029,0.000000,4.302914,0.000000,0.000000,0.011073,0.000000,0.000000,0.000000,0.000000,0.000000,0.404311,3573986507.442792,1.000000,0.000000,0.000000
0.000000,4.358297,0.000000,4.343153,0.000000,0.000000,0.011129,0.000000,0.000000,-0.291874,0.000000,0.000000,0.401604,3573986507.542792,1.000000,0.000000,0.000000
0.000000,4.398151,0.000000,4.382883,0.000000,0.000000,0.011322,0.000000,0.000000,-1.372860,0.000000,0.000000,0.395141,3573986507.642793,1.000000,0.000000,0.000000
0.000000,4.437023,0.000000,4.421592,0.000000,0.000000,0.011592,0.000000,0.000000,-1.372860,0.000000,0.000000,0.384441,3573986507.742792,1.000000,0.000000,0.000000
0.000000,4.474831,0.000000,4.459255,0.000000,0.000000,0.011843,0.000000,0.000000,-1.372860,0.000000,0.000000,0.373858,3573986507.842793,1.000000,0.000000,0.000000
0.000000,4.511589,0.000000,4.495883,0.000000,0.000000,0.012076,0.000000,0.000000,-1.396894,0.000000,0.000000,0.363400,3573986507.942794,1.000000,0.000000,0.000000
0.000000,4.547298,0.000000,4.531475,0.000000,0.000000,0.012301,0.000000,0.000000,-1.444892,0.000000,0.000000,0.352830,3573986508.042792,1.000000,0.000000,0.000000
0.000000,4.581941,0.000000,4.566014,0.000000,0.000000,0.012511,0.000000,0.000000,-1.444892,0.000000,0.000000,0.342176,3573986508.142793,1.000000,0.000000,0.000000
0.000000,4.615525,0.000000,4.599511,0.000000,0.000000,0.012703,0.000000,0.000000,-1.444892,0.000000,0.000000,0.331632,3573986508.242792,1.000000,0.000000,0.000000
0.000000,4.648061,0.000000,4.631977,0.000000,0.000000,0.012878,0.000000,0.000000,-1.444892,0.000000,0.000000,0.321193,3573986508.342793,1.000000,0.000000,0.000000
0.000000,4.679559,0.000000,4.663421,0.000000,0.000000,0.013035,0.000000,0.000000,-1.444892,0.000000,0.000000,0.310852,3573986508.442793,1.000000,0.000000,0.000000
0.000000,4.710029,0.000000,4.693854,0.000000,0.000000,0.013174,0.000000,0.000000,-1.444892,0.000000,0.000000,0.300606,3573986508.542793,1.000000,0.000000,0.000000
0.000000,4.739478,0.000000,4.723281,0.000000,0.000000,0.013298,0.000000,0.000000,-1.468927,0.000000,0.000000,0.290405,3573986508.642792,1.000000,0.000000,0.000000
0.000000,4.767905,0.000000,4.751701,0.000000,0.000000,0.013408,0.000000,0.000000,-1.468927,0.000000,0.000000,0.280191,3573986508.742793,1.000000,0.000000,0.000000
0.000000,4.795315,0.000000,4.779116,0.000000,0.000000,0.013504,0.000000,0.000000,-1.709130,0.000000,0.000000,0.270029,3573986508.842793,1.000000,0.000000,0.000000
0.000000,4.821638,0.000000,4.805433,0.000000,0.000000,0.013626,0.000000,0.000000,-1.757199,0.000000,0.000000,0.258562,3573986508.942791,1.000000,0.000000,0.000000
0.000000,4.846793,0.000000,4.830596,0.000000,0.000000,0.013734,0.000000,0.000000,-1.757199,0.000000,0.000000,0.246880,3573986509.042793,1.000000,0.000000,0.000000
0.000000,4.870781,0.000000,4.854606,0.000000,0.000000,0.013829,0.000000,0.000000,-1.781234,0.000000,0.000000,0.235194,3573986509.142793,1.000000,0.000000,0.000000
0.000000,4.893593,0.000000,4.877453,0.000000,0.000000,0.013913,0.000000,0.000000,-1.949404,0.000000,0.000000,0.223386,3573986509.242792,1.000000,0.000000,0.000000
0.000000,4.915183,0.000000,4.899074,0.000000,0.000000,0.014007,0.000000,0.000000,-2.045471,0.000000,0.000000,0.210782,3573986509.342792,1.000000,0.000000,0.000000
0.000000,4.935477,0.000000,4.919408,0.000000,0.000000,0.014099,0.000000,0.000000,-2.093469,0.000000,0.000000,0.197669,3573986509.442792,1.000000,0.000000,0.000000
0.000000,4.954446,0.000000,4.938428,0.000000,0.000000,0.014181,0.000000,0.000000,-2.141539,0.000000,0.000000,0.184346,3573986509.542792,1.000000,0.000000,0.000000
0.000000,4.972069,0.000000,4.956116,0.000000,0.000000,0.014252,0.000000,0.000000,-2.165573,0.000000,0.000000,0.170838,3573986509.642794,1.000000,0.000000,0.000000
0.000000,4.988337,0.000000,4.972464,0.000000,0.000000,0.014308,0.000000,0.000000,-2.165573,0.000000,0.000000,0.157256,3573986509.742792,1.000000,0.000000,0.000000
0.000000,5.003252,0.000000,4.987475,0.000000,0.000000,0.014346,0.000000,0.000000,-2.165573,0.000000,0.000000,0.143742,3573986509.842792,1.000000,0.000000,0.000000
0.000000,5.016818,0.000000,5.001155,0.000000,0.000000,0.014367,0.000000,0.000000,-2.213500,0.000000,0.000000,0.130290,3573986509.942793,1.000000,0.000000,0.000000
0.000000,5.029029,0.000000,5.013491,0.000000,0.000000,0.014379,0.000000,0.000000,-2.213500,0.000000,0.000000,0.116643,3573986510.042792,1.000000,0.000000,0.000000
0.000000,5.039876,0.000000,5.024480,0.000000,0.000000,0.014372,0.000000,0.000000,-2.213500,0.000000,0.000000,0.103026,3573986510.142792,1.000000,0.000000,0.000000
0.000000,5.049365,0.000000,5.034128,0.000000,0.000000,0.014349,0.000000,0.000000,-2.213500,0.000000,0.000000,0.089466,3573986510.242793,1.000000,0.000000,0.000000
0.000000,5.057501,0.000000,5.042440,0.000000,0.000000,0.014308,0.000000,0.000000,-2.213500,0.000000,0.000000,0.075962,3573986510.342793,1.000000,0.000000,0.000000
0.000000,5.064289,0.000000,5.049421,0.000000,0.000000,0.014250,0.000000,0.000000,-2.213500,0.000000,0.000000,0.062511,3573986510.442792,1.000000,0.000000,0.000000
0.000000,5.069736,0.000000,5.055081,0.000000,0.000000,0.014170,0.000000,0.000000,-1.468927,0.000000,0.000000,0.049112,3573986510.542793,1.000000,0.000000,0.000000
0.000000,5.074102,0.000000,5.059833,0.000000,0.000000,0.013854,0.000000,0.000000,-0.003673,0.000000,0.000000,0.041651,3573986510.642793,1.000000,0.000000,0.000000
0.000000,5.078228,0.000000,5.064456,0.000000,0.000000,0.013361,0.000000,0.000000,0.000000,0.000000,0.000000,0.041183,3573986510.742792,1.000000,0.000000,0.000000
0.000000,5.082337,0.000000,5.069072,0.000000,0.000000,0.012855,0.000000,0.000000,0.000000,0.000000,0.000000,0.041025,3573986510.842793,1.000000,0.000000,0.000000
0.000000,5.086430,0.000000,5.073681,0.000000,0.000000,0.012341,0.000000,0.000000,0.000000,0.000000,0.000000,0.040867,3573986510.942791,1.000000,0.000000,0.000000
0.000000,5.090507,0.000000,5.078282,0.000000,0.000000,0.011819,0.000000,0.000000,0.000000,0.000000,0.000000,0.040709,3573986511.042792,1.000000,0.000000,0.000000
0.000000,5.094569,0.000000,5.082874,0.000000,0.000000,0.011290,0.000000,0.000000,0.000000,0.000000,0.000000,0.040553,3573986511.142793,1.000000,0.000000,0.000000
0.000000,5.098615,0.000000,5.087457,0.000000,0.000000,0.010754,0.000000,0.000000,0.000000,0.000000,0.000000,0.040397,3573986511.242794,1.000000,0.000000,0.000000
0.000000,5.102645,0.000000,5.092029,0.000000,0.000000,0.010213,0.000000,0.000000,0.000000,0.000000,0.000000,0.040241,3573986511.342793,1.000000,0.000000,0.000000
0.000000,5.106660,0.000000,5.096590,0.000000,0.000000,0.009669,0.000000,0.000000,-0.123774,0.000000,0.000000,0.040086,3573986511.442793,1.000000,0.000000,0.000000
0.000000,5.110604,0.000000,5.101054,0.000000,0.000000,0.009163,0.000000,0.000000,-0.363978,0.000000,0.000000,0.038727,3573986511.542793,1.000000,0.000000,0.000000
0.000000,5.114339,0.000000,5.105300,0.000000,0.000000,0.008676,0.000000,0.000000,-0.604181,0.000000,0.000000,0.036428,3573986511.642792,1.000000,0.000000,0.000000
0.000000,5.117767,0.000000,5.109202,0.000000,0.000000,0.008243,0.000000,0.000000,-0.916488,0.000000,0.000000,0.032496,3573986511.742793,1.000000,0.000000,0.000000
0.000000,5.120683,0.000000,5.112571,0.000000,0.000000,0.007846,0.000000,0.000000,-0.940451,0.000000,0.000000,0.026880,3573986511.842793,1.000000,0.000000,0.000000
0.000000,5.123029,0.000000,5.115374,0.000000,0.000000,0.007446,0.000000,0.000000,-0.940451,0.000000,0.000000,0.021186,3573986511.942793,1.000000,0.000000,0.000000
0.000000,5.124807,0.000000,5.117612,0.000000,0.000000,0.007043,0.000000,0.000000,-0.964486,0.000000,0.000000,0.015513,3573986512.042793,1.000000,0.000000,0.000000
0.000000,5.126014,0.000000,5.119279,0.000000,0.000000,0.006640,0.000000,0.000000,-0.964486,0.000000,0.000000,0.009748,3573986512.142793,1.000000,0.000000,0.000000
0.000000,5.126642,0.000000,5.120370,0.000000,0.000000,0.006235,0.000000,0.000000,-0.964486,0.000000,0.000000,0.003977,3573986512.242793,1.000000,0.000000,0.000000
0.000000,5.126695,0.000000,5.120888,0.000000,0.000000,0.005827,0.000000,0.000000,-0.964486,0.000000,0.000000,-0.001771,3573986512.342793,1.000000,0.000000,0.000000
0.000000,5.126174,0.000000,5.120834,0.000000,0.000000,0.005418,0.000000,0.000000,-0.940451,0.000000,0.000000,-0.007498,3573986512.442793,1.000000,0.000000,0.000000
0.000000,5.125145,0.000000,5.120334,0.000000,0.000000,0.004923,0.000000,0.000000,0.000000,0.000000,0.000000,-0.011255,3573986512.542792,1.000000,0.000000,0.000000
0.000000,5.124022,0.000000,5.119792,0.000000,0.000000,0.004342,0.000000,0.000000,0.000000,0.000000,0.000000,-0.011211,3573986512.642792,1.000000,0.000000,0.000000
0.000000,5.122904,0.000000,5.119252,0.000000,0.000000,0.003763,0.000000,0.000000,0.000000,0.000000,0.000000,-0.011167,3573986512.742793,1.000000,0.000000,0.000000
0.000000,5.121795,0.000000,5.118748,0.000000,0.000000,0.003153,0.000000,0.000000,1.853195,0.000000,0.000000,-0.010921,3573986512.842793,1.000000,0.000000,0.000000
0.000000,5.121300,0.000000,5.119070,0.000000,0.000000,0.002222,0.000000,0.000000,2.213500,0.000000,0.000000,0.000169,3573986512.942793,1.000000,0.000000,0.000000
0.000000,5.122107,0.000000,5.120658,0.000000,0.000000,0.001309,0.000000,0.000000,0.243805,0.000000,0.000000,0.013326,3573986513.042793,1.000000,0.000000,0.000000
0.000000,5.123455,0.000000,5.122545,0.000000,0.000000,0.000777,0.000000,0.000000,0.000000,0.000000,0.000000,0.013360,3573986513.142792,1.000000,0.000000,0.000000
0.000000,5.124788,0.000000,5.124421,0.000000,0.000000,0.000234,0.000000,0.000000,0.000000,0.000000,0.000000,0.013308,3573986513.242793,1.000000,0.000000,0.000000
0.000000,5.126116,0.000000,5.126284,0.000000,0.000000,-0.000301,0.000000,0.000000,0.000000,0.000000,0.000000,0.013256,3573986513.342793,1.000000,0.000000,0.000000
0.000000,5.127438,0.000000,5.128135,0.000000,0.000000,-0.000829,0.000000,0.000000,0.000000,0.000000,0.000000,0.013205,3573986513.442792,1.000000,0.000000,0.000000
0.000000,5.128756,0.000000,5.129972,0.000000,0.000000,-0.001348,0.000000,0.000000,0.000000,0.000000,0.000000,0.013154,3573986513.542792,1.000000,0.000000,0.000000
0.000000,5.130068,0.000000,5.131796,0.000000,0.000000,-0.001859,0.000000,0.000000,0.000000,0.000000,0.000000,0.013103,3573986513.642793,1.000000,0.000000,0.000000
0.000000,5.131375,0.000000,5.133605,0.000000,0.000000,-0.002360,0.000000,0.000000,0.000000,0.000000,0.000000,0.013052,3573986513.742792,1.000000,0.000000,0.000000
0.000000,5.132677,0.000000,5.135399,0.000000,0.000000,-0.002852,0.000000,0.000000,0.000000,0.000000,0.000000,0.013002,3573986513.842793,1.000000,0.000000,0.000000
0.000000,5.133975,0.000000,5.137178,0.000000,0.000000,-0.003333,0.000000,0.000000,0.000000,0.000000,0.000000,0.012951,3573986513.942793,1.000000,0.000000,0.000000
0.000000,5.135265,0.000000,5.138936,0.000000,0.000000,-0.003798,0.000000,0.000000,-0.123774,0.000000,0.000000,0.012842,3573986514.042792,1.000000,0.000000,0.000000
0.000000,5.136499,0.000000,5.140612,0.000000,0.000000,-0.004232,0.000000,0.000000,-0.243876,0.000000,0.000000,0.011971,3573986514.142793,1.000000,0.000000,0.000000
0.000000,5.137611,0.000000,5.142144,0.000000,0.000000,-0.004637,0.000000,0.000000,-0.243876,0.000000,0.000000,0.010517,3573986514.242794,1.000000,0.000000,0.000000
0.000000,5.138574,0.000000,5.143515,0.000000,0.000000,-0.005031,0.000000,0.000000,-0.267911,0.000000,0.000000,0.009027,3573986514.342792,1.000000,0.000000,0.000000
0.000000,5.139381,0.000000,5.144717,0.000000,0.000000,-0.005410,0.000000,0.000000,-0.243876,0.000000,0.000000,0.007428,3573986514.442793,1.000000,0.000000,0.000000
0.000000,5.140029,0.000000,5.145749,0.000000,0.000000,-0.005778,0.000000,0.000000,-0.267911,0.000000,0.000000,0.005849,3573986514.542793,1.000000,0.000000,0.000000
0.000000,5.140519,0.000000,5.146612,0.000000,0.000000,-0.006135,0.000000,0.000000,-0.243876,0.000000,0.000000,0.004291,3573986514.642792,1.000000,0.000000,0.000000
0.000000,5.140878,0.000000,5.147348,0.000000,0.000000,-0.006504,0.000000,0.000000,0.000000,0.000000,0.000000,0.003375,3573986514.742793,1.000000,0.000000,0.000000
0.000000,5.141214,0.000000,5.148062,0.000000,0.000000,-0.006881,0.000000,0.000000,0.000000,0.000000,0.000000,0.003362,3573986514.842793,1.000000,0.000000,0.000000
0.000000,5.141550,0.000000,5.148761,0.000000,0.000000,-0.007245,0.000000,0.000000,0.000000,0.000000,0.000000,0.003348,3573986514.942792,1.000000,0.000000,0.000000
0.000000,5.141884,0.000000,5.149444,0.000000,0.000000,-0.007594,0.000000,0.000000,0.000000,0.000000,0.000000,0.003335,3573986515.042793,1.000000,0.000000,0.000000
0.000000,5.142216,0.000000,5.150113,0.000000,0.000000,-0.007930,0.000000,0.000000,0.000000,0.000000,0.000000,0.003322,3573986515.142793,1.000000,0.000000,0.000000
0.000000,5.142548,0.000000,5.150766,0.000000,0.000000,-0.008251,0.000000,0.000000,0.000000,0.000000,0.000000,0.003310,3573986515.242792,1.000000,0.000000,0.000000
0.000000,5.142878,0.000000,5.151403,0.000000,0.000000,-0.008557,0.000000,0.000000,0.000000,0.000000,0.000000,0.003297,3573986515.342792,1.000000,0.000000,0.000000
0.000000,5.143207,0.000000,5.152024,0.000000,0.000000,-0.008850,0.000000,0.000000,0.000000,0.000000,0.000000,0.003284,3573986515.442793,1.000000,0.000000,0.000000
0.000000,5.143535,0.000000,5.152629,0.000000,0.000000,-0.009127,0.000000,0.000000,0.000000,0.000000,0.000000,0.003271,3573986515.542792,1.000000,0.000000,0.000000
0.000000,5.143861,0.000000,5.153217,0.000000,0.000000,-0.009389,0.000000,0.000000,0.000000,0.000000,0.000000,0.003258,3573986515.642793,1.000000,0.000000,0.000000
0.000000,5.144186,0.000000,5.153790,0.000000,0.000000,-0.009636,0.000000,0.000000,0.000000,0.000000,0.000000,0.003246,3573986515.742793,1.000000,0.000000,0.000000
0.000000,5.144510,0.000000,5.154346,0.000000,0.000000,-0.009868,0.000000,0.000000,0.000000,0.000000,0.000000,0.003233,3573986515.842792,1.000000,0.000000,0.000000
0.000000,5.144830,0.000000,5.154880,0.000000,0.000000,-0.010081,0.000000,0.000000,-0.075705,0.000000,0.000000,0.003142,3573986515.942792,1.000000,0.000000,0.000000
0.000000,5.145118,0.000000,5.155361,0.000000,0.000000,-0.010269,0.000000,0.000000,-0.075705,0.000000,0.000000,0.002695,3573986516.042793,1.000000,0.000000,0.000000
0.000000,5.145360,0.000000,5.155778,0.000000,0.000000,-0.010440,0.000000,0.000000,-0.123774,0.000000,0.000000,0.002205,3573986516.142792,1.000000,0.000000,0.000000
0.000000,5.145537,0.000000,5.156112,0.000000,0.000000,-0.010590,0.000000,0.000000,-0.147738,0.000000,0.000000,0.001475,3573986516.242793,1.000000,0.000000,0.000000
0.000000,5.145629,0.000000,5.156337,0.000000,0.000000,-0.010713,0.000000,0.000000,-0.243876,0.000000,0.000000,0.000448,3573986516.342793,1.000000,0.000000,0.000000
0.000000,5.145589,0.000000,5.156411,0.000000,0.000000,-0.010811,0.000000,0.000000,-0.243876,0.000000,0.000000,-0.000975,3573986516.442792,1.000000,0.000000,0.000000
0.000000,5.145405,0.000000,5.156325,0.000000,0.000000,-0.010895,0.000000,0.000000,-0.219841,0.000000,0.000000,-0.002421,3573986516.542793,1.000000,0.000000,0.000000
0.000000,5.145110,0.000000,5.156136,0.000000,0.000000,-0.010996,0.000000,0.000000,0.000000,0.000000,0.000000,-0.003021,3573986516.642792,1.000000,0.000000,0.000000
0.000000,5.144809,0.000000,5.155932,0.000000,0.000000,-0.011094,0.000000,0.000000,0.000000,0.000000,0.000000,-0.003009,3573986516.742792,1.000000,0.000000,0.000000
0.000000,5.144508,0.000000,5.155715,0.000000,0.000000,-0.011176,0.000000,0.000000,0.000000,0.000000,0.000000,-0.002998,3573986516.842793,1.000000,0.000000,0.000000
0.000000,5.144221,0.000000,5.155527,0.000000,0.000000,-0.011284,0.000000,0.000000,1.396823,0.000000,0.000000,-0.002495,3573986516.942793,1.000000,0.000000,0.000000
0.000000,5.144414,0.000000,5.155940,0.000000,0.000000,-0.011585,0.000000,0.000000,0.000000,0.000000,0.000000,0.005433,3573986517.042792,1.000000,0.000000,0.000000
0.000000,5.145149,0.000000,5.156716,0.000000,0.000000,-0.011642,0.000000,0.000000,0.000000,0.000000,0.000000,0.007415,3573986517.142793,1.000000,0.000000,0.000000
0.000000,5.145888,0.000000,5.157475,0.000000,0.000000,-0.011660,0.000000,0.000000,0.000000,0.000000,0.000000,0.007386,3573986517.242792,1.000000,0.000000,0.000000
0.000000,5.146625,0.000000,5.158216,0.000000,0.000000,-0.011664,0.000000,0.000000,0.000000,0.000000,0.000000,0.007357,3573986517.342792,1.000000,0.000000,0.000000
0.000000,5.147359,0.000000,5.158940,0.000000,0.000000,-0.011654,0.000000,0.000000,0.000000,0.000000,0.000000,0.007329,3573986517.442792,1.000000,0.000000,0.000000
0.000000,5.148090,0.000000,5.159647,0.000000,0.000000,-0.011629,0.000000,0.000000,0.000000,0.000000,0.000000,0.007300,3573986517.542792,1.000000,0.000000,0.000000
0.000000,5.148819,0.000000,5.160336,0.000000,0.000000,-0.011591,0.000000,0.000000,0.000000,0.000000,0.000000,0.007272,3573986517.642791,1.000000,0.000000,0.000000
0.000000,5.149544,0.000000,5.161010,0.000000,0.000000,-0.011538,0.000000,0.000000,0.000000,0.000000,0.000000,0.007244,3573986517.742794,1.000000,0.000000,0.000000
0.000000,5.150267,0.000000,5.161667,0.000000,0.000000,-0.011472,0.000000,0.000000,0.000000,0.000000,0.000000,0.007216,3573986517.842792,1.000000,0.000000,0.000000
0.000000,5.150987,0.000000,5.162308,0.000000,0.000000,-0.011393,0.000000,0.000000,0.000000,0.000000,0.000000,0.007188,3573986517.942792,1.000000,0.000000,0.000000
0.000000,5.151704,0.000000,5.162933,0.000000,0.000000,-0.011301,0.000000,0.000000,0.000000,0.000000,0.000000,0.007160,3573986518.042793,1.000000,0.000000,0.000000
0.000000,5.152418,0.000000,5.163543,0.000000,0.000000,-0.011196,0.000000,0.000000,0.000000,0.000000,0.000000,0.007132,3573986518.142793,1.000000,0.000000,0.000000
0.000000,5.153130,0.000000,5.164137,0.000000,0.000000,-0.011078,0.000000,0.000000,0.000000,0.000000,0.000000,0.007104,3573986518.242793,1.000000,0.000000,0.000000
0.000000,5.153838,0.000000,5.164717,0.000000,0.000000,-0.010949,0.000000,0.000000,0.000000,0.000000,0.000000,0.007077,3573986518.342793,1.000000,0.000000,0.000000
0.000000,5.154544,0.000000,5.165282,0.000000,0.000000,-0.010808,0.000000,0.000000,0.000000,0.000000,0.000000,0.007049,3573986518.442792,1.000000,0.000000,0.000000
0.000000,5.155248,0.000000,5.165833,0.000000,0.000000,-0.010655,0.000000,0.000000,0.000000,0.000000,0.000000,0.007022,3573986518.542792,1.000000,0.000000,0.000000
0.000000,5.155948,0.000000,5.166370,0.000000,0.000000,-0.010491,0.000000,0.000000,0.000000,0.000000,0.000000,0.006994,3573986518.642792,1.000000,0.000000,0.000000
0.000000,5.156646,0.000000,5.166893,0.000000,0.000000,-0.010317,0.000000,0.000000,0.000000,0.000000,0.000000,0.006967,3573986518.742793,1.000000,0.000000,0.000000
0.000000,5.157341,0.000000,5.167403,0.000000,0.000000,-0.010132,0.000000,0.000000,0.000000,0.000000,0.000000,0.006940,3573986518.842792,1.000000,0.000000,0.000000
0.000000,5.158034,0.000000,5.167901,0.000000,0.000000,-0.009937,0.000000,0.000000,0.000000,0.000000,0.000000,0.006913,3573986518.942793,1.000000,0.000000,0.000000
0.000000,5.158723,0.000000,5.168386,0.000000,0.000000,-0.009732,0.000000,0.000000,0.000000,0.000000,0.000000,0.006886,3573986519.042793,1.000000,0.000000,0.000000
0.000000,5.159410,0.000000,5.168860,0.000000,0.000000,-0.009518,0.000000,0.000000,0.000000,0.000000,0.000000,0.006860,3573986519.142792,1.000000,0.000000,0.000000
0.000000,5.160095,0.000000,5.169321,0.000000,0.000000,-0.009295,0.000000,0.000000,0.000000,0.000000,0.000000,0.006833,3573986519.242794,1.000000,0.000000,0.000000
0.000000,5.160776,0.000000,5.169772,0.000000,0.000000,-0.009064,0.000000,0.000000,0.000000,0.000000,0.000000,0.006807,3573986519.342793,1.000000,0.000000,0.000000
0.000000,5.161455,0.000000,5.170212,0.000000,0.000000,-0.008824,0.000000,0.000000,0.000000,0.000000,0.000000,0.006780,3573986519.442792,1.000000,0.000000,0.000000
0.000000,5.162132,0.000000,5.170641,0.000000,0.000000,-0.008577,0.000000,0.000000,0.000000,0.000000,0.000000,0.006754,3573986519.542792,1.000000,0.000000,0.000000
0.000000,5.162806,0.000000,5.171060,0.000000,0.000000,-0.008322,0.000000,0.000000,0.000000,0.000000,0.000000,0.006728,3573986519.642793,1.000000,0.000000,0.000000
0.000000,5.163477,0.000000,5.171470,0.000000,0.000000,-0.008060,0.000000,0.000000,0.000000,0.000000,0.000000,0.006701,3573986519.742792,1.000000,0.000000,0.000000
0.000000,5.164145,0.000000,5.171871,0.000000,0.000000,-0.007792,0.000000,0.000000,0.000000,0.000000,0.000000,0.006675,3573986519.842793,1.000000,0.000000,0.000000
0.000000,5.164811,0.000000,5.172263,0.000000,0.000000,-0.007518,0.000000,0.000000,0.000000,0.000000,0.000000,0.006649,3573986519.942793,1.000000,0.000000,0.000000
0.000000,5.165475,0.000000,5.172647,0.000000,0.000000,-0.007238,0.000000,0.000000,0.000000,0.000000,0.000000,0.006624,3573986520.042792,1.000000,0.000000,0.000000
0.000000,5.166136,0.000000,5.173023,0.000000,0.000000,-0.006953,0.000000,0.000000,0.000000,0.000000,0.000000,0.006598,3573986520.142793,1.000000,0.000000,0.000000
0.000000,5.166794,0.000000,5.173391,0.000000,0.000000,-0.006663,0.000000,0.000000,0.000000,0.000000,0.000000,0.006572,3573986520.242793,1.000000,0.000000,0.000000
0.000000,5.167450,0.000000,5.173753,0.000000,0.000000,-0.006368,0.000000,0.000000,0.000000,0.000000,0.000000,0.006547,3573986520.342793,1.000000,0.000000,0.000000
0.000000,5.168103,0.000000,5.174108,0.000000,0.000000,-0.006070,0.000000,0.000000,0.000000,0.000000,0.000000,0.006521,3573986520.442793,1.000000,0.000000,0.000000
0.000000,5.168753,0.000000,5.174456,0.000000,0.000000,-0.005768,0.000000,0.000000,0.000000,0.000000,0.000000,0.006496,3573986520.542793,1.000000,0.000000,0.000000
0.000000,5.169401,0.000000,5.174799,0.000000,0.000000,-0.005463,0.000000,0.000000,0.000000,0.000000,0.000000,0.006471,3573986520.642792,1.000000,0.000000,0.000000
0.000000,5.170047,0.000000,5.175137,0.000000,0.000000,-0.005155,0.000000,0.000000,0.000000,0.000000,0.000000,0.006446,3573986520.742792,1.000000,0.000000,0.000000
0.000000,5.170690,0.000000,5.113927,-0.088126,0.000117,0.056699,0.088126,-0.000117,0.000000,0.000000,0.000000,0.006421,3573986520.842793,1.000000,0.000000,10.000000
0.000000,5.171331,0.000000,5.206108,-0.044789,0.000230,-0.034841,0.044789,-0.000230,0.000000,0.000000,0.000000,0.006396,3573986520.942792,1.000000,0.000000,10.000000
0.000000,5.171969,0.000000,5.115667,0.049934,-0.000303,0.056238,-0.049934,0.000303,0.000000,0.000000,0.000000,0.006371,3573986521.042793,1.000000,0.000000,10.000000
0.000000,5.172604,0.000000,5.184480,-0.008079,-0.000503,-0.011939,0.008079,0.000503,0.000000,0.000000,0.000000,0.006346,3573986521.142794,1.000000,0.000000,10.000000
0.000000,5.173238,0.000000,5.320322,0.002226,-0.000522,-0.147148,-0.002226,0.000522,0.000000,0.000000,0.000000,0.006321,3573986521.242793,1.000000,0.000000,10.000000
0.000000,5.173868,0.000000,5.393217,-0.165547,0.000409,-0.219412,0.165547,-0.000409,0.000000,0.000000,0.000000,0.006297,3573986521.342792,1.000000,0.000000,10.000000
0.000000,5.174496,0.000000,5.441464,-0.124928,0.000866,-0.267031,0.124928,-0.000866,0.000000,0.000000,0.000000,0.006272,3573986521.442793,1.000000,0.000000,10.000000
0.000000,5.175122,0.000000,5.372988,-0.212914,0.001095,-0.197928,0.212914,-0.001095,0.000000,0.000000,0.000000,0.006248,3573986521.542792,1.000000,0.000000,10.000000
0.000000,5.175746,0.000000,5.490269,-0.242840,0.002053,-0.314586,0.242840,-0.002053,0.000000,0.000000,0.000000,0.006224,3573986521.642793,1.000000,0.000000,10.000000
0.000000,5.176366,0.000000,5.499994,-0.109897,0.001453,-0.323689,0.109897,-0.001453,0.000000,0.000000,0.000000,0.006200,3573986521.742793,1.000000,0.000000,10.000000
0.000000,5.176985,0.000000,5.620473,-0.071821,0.000756,-0.443549,0.071821,-0.000756,0.000000,0.000000,0.000000,0.006176,3573986521.842792,1.000000,0.000000,10.000000
0.000000,5.177601,0.000000,5.304351,-0.019288,0.000557,-0.126811,0.019288,-0.000557,0.000000,0.000000,0.000000,0.006152,3573986521.942793,1.000000,0.000000,10.000000
0.000000,5.178215,0.000000,5.333506,0.086939,-0.000067,-0.155352,-0.086939,0.000067,0.000000,0.000000,0.000000,0.006128,3573986522.042793,1.000000,0.000000,10.000000
0.000000,5.178826,0.000000,5.359692,0.028578,0.000084,-0.180927,-0.028578,-0.000084,0.000000,0.000000,0.000000,0.006104,3573986522.142793,1.000000,0.000000,10.000000
0.000000,5.179435,0.000000,5.188262,-0.026777,0.000820,-0.008888,0.026777,-0.000820,0.000000,0.000000,0.000000,0.006080,3573986522.242794,1.000000,0.000000,10.000000
0.000000,5.180042,0.000000,5.520928,-0.021087,0.000639,-0.340947,0.021087,-0.000639,0.000000,0.000000,0.000000,0.006057,3573986522.342793,1.000000,0.000000,10.000000
0.000000,5.180646,0.000000,5.498564,0.157242,0.000062,-0.317978,-0.157242,-0.000062,0.000000,0.000000,0.000000,0.006033,3573986522.442792,1.000000,0.000000,10.000000
0.000000,5.181248,0.000000,5.551542,0.209322,-0.000862,-0.370354,-0.209322,0.000862,0.000000,0.000000,0.000000,0.006010,3573986522.542793,1.000000,0.000000,10.000000
0.000000,5.181847,0.000000,5.501990,0.142196,-0.000646,-0.320203,-0.142196,0.000646,0.000000,0.000000,0.000000,0.005986,3573986522.642793,1.000000,0.000000,10.000000
0.000000,5.182445,0.000000,5.763525,0.139280,0.000716,-0.581140,-0.139280,-0.000716,0.000000,0.000000,0.000000,0.005963,3573986522.742792,1.000000,0.000000,10.000000
0.000000,5.183040,0.000000,5.664847,0.251571,0.000322,-0.481867,-0.251571,-0.000322,0.000000,0.000000,0.000000,0.005940,3573986522.842793,1.000000,0.000000,10.000000
0.000000,5.183632,0.000000,5.487474,0.184737,-0.000444,-0.303901,-0.184737,0.000444,0.000000,0.000000,0.000000,0.005917,3573986522.942792,1.000000,0.000000,10.000000
0.000000,5.184222,0.000000,5.310415,0.235901,-0.000354,-0.126251,-0.235901,0.000354,0.000000,0.000000,0.000000,0.005894,3573986523.042792,1.000000,0.000000,10.000000
0.000000,5.184810,0.000000,5.437988,0.408479,-0.001504,-0.253236,-0.408479,0.001504,0.000000,0.000000,0.000000,0.005871,3573986523.142792,1.000000,0.000000,10.000000
0.000000,5.185396,0.000000,5.291645,0.316247,-0.001413,-0.106308,-0.316247,0.001413,0.000000,0.000000,0.000000,0.005848,3573986523.242792,1.000000,0.000000,10.000000
0.000000,5.185980,0.000000,5.301337,0.325930,-0.001297,-0.115415,-0.325930,0.001297,0.000000,0.000000,0.000000,0.005825,3573986523.342792,1.000000,0.000000,10.000000
0.000000,5.186561,0.000000,5.362146,0.345347,-0.001163,-0.175643,-0.345347,0.001163,0.000000,0.000000,0.000000,0.005803,3573986523.442792,1.000000,0.000000,10.000000
0.000000,5.187140,0.000000,5.331570,0.495597,-0.002032,-0.144489,-0.495597,0.002032,0.000000,0.000000,0.000000,0.005780,3573986523.542792,1.000000,0.000000,10.000000
0.000000,5.187716,0.000000,5.275174,0.667703,-0.003388,-0.087516,-0.667703,0.003388,0.000000,0.000000,0.000000,0.005758,3573986523.642792,1.000000,0.000000,10.000000
0.000000,5.188291,0.000000,5.383616,0.700199,-0.004391,-0.195382,-0.700199,0.004391,0.000000,0.000000,0.000000,0.005735,3573986523.742793,1.000000,0.000000,10.000000
0.000000,5.188863,0.000000,5.386118,0.722822,-0.004467,-0.197312,-0.722822,0.004467,0.000000,0.000000,0.000000,0.005713,3573986523.842793,1.000000,0.000000,10.000000
0.000000,5.189433,0.000000,5.308411,0.768777,-0.004742,-0.119035,-0.768777,0.004742,0.000000,0.000000,0.000000,0.005691,3573986523.942792,1.000000,0.000000,10.000000
0.000000,5.190001,0.000000,5.359626,0.765326,-0.004646,-0.169682,-0.765326,0.004646,0.000000,0.000000,0.000000,0.005669,3573986524.042792,1.000000,0.000000,10.000000
0.000000,5.190566,0.000000,5.323611,0.656653,-0.004309,-0.133101,-0.656653,0.004309,0.000000,0.000000,0.000000,0.005647,3573986524.142793,1.000000,0.000000,10.000000
0.000000,5.191130,0.000000,5.185391,0.668720,-0.003953,0.005683,-0.668720,0.003953,0.000000,0.000000,0.000000,0.005625,3573986524.242792,1.000000,0.000000,10.000000
0.000000,5.191691,0.000000,5.250405,0.807538,-0.004684,-0.058770,-0.807538,0.004684,0.000000,0.000000,0.000000,0.005603,3573986524.342792,1.000000,0.000000,10.000000
0.000000,5.192250,0.000000,5.252088,0.674352,-0.004358,-0.059894,-0.674352,0.004358,0.000000,0.000000,0.000000,0.005581,3573986524.442793,1.000000,0.000000,10.000000
0.000000,5.192807,0.000000,5.242171,0.717459,-0.003852,-0.049420,-0.717459,0.003852,0.000000,0.000000,0.000000,0.005559,3573986524.542793,1.000000,0.000000,10.000000
0.000000,5.193361,0.000000,5.299598,0.750978,-0.004173,-0.106292,-0.750978,0.004173,0.000000,0.000000,0.000000,0.005538,3573986524.642793,1.000000,0.000000,10.000000
0.000000,5.193914,0.000000,5.307487,0.746669,-0.004147,-0.113628,-0.746669,0.004147,0.000000,0.000000,0.000000,0.005516,3573986524.742793,1.000000,0.000000,10.000000
0.000000,5.194464,0.000000,5.213867,0.762047,-0.004278,-0.019458,-0.762047,0.004278,0.000000,0.000000,0.000000,0.005495,3573986524.842792,1.000000,0.000000,10.000000
0.000000,5.195012,0.000000,5.103537,0.769733,-0.003793,0.091421,-0.769733,0.003793,0.000000,0.000000,0.000000,0.005474,3573986524.942793,1.000000,0.000000,10.000000
0.000000,5.195558,0.000000,5.028111,0.715184,-0.003841,0.167393,-0.715184,0.003841,0.000000,0.000000,0.000000,0.005452,3573986525.042793,1.000000,0.000000,10.000000
0.000000,5.196102,0.000000,5.053110,0.850815,-0.003917,0.142938,-0.850815,0.003917,0.000000,0.000000,0.000000,0.005431,3573986525.142793,1.000000,0.000000,10.000000
0.000000,5.196644,0.000000,5.090930,0.822565,-0.004495,0.105660,-0.822565,0.004495,0.000000,0.000000,0.000000,0.005410,3573986525.242793,1.000000,0.000000,10.000000
0.000000,5.197184,0.000000,5.138315,1.063045,-0.005224,0.058815,-1.063045,0.005224,0.000000,0.000000,0.000000,0.005389,3573986525.342792,1.000000,0.000000,10.000000
0.000000,5.197722,0.000000,5.176100,1.093364,-0.006433,0.021568,-1.093364,0.006433,0.000000,0.000000,0.000000,0.005368,3573986525.442792,1.000000,0.000000,10.000000
0.000000,5.198257,0.000000,5.140428,0.905716,-0.006185,0.057775,-0.905716,0.006185,0.000000,0.000000,0.000000,0.005347,3573986525.542792,1.000000,0.000000,10.000000
0.000000,5.198791,0.000000,5.056719,1.038164,-0.006153,0.142018,-1.038164,0.006153,0.000000,0.000000,0.000000,0.005326,3573986525.642793,1.000000,0.000000,10.000000
0.000000,5.199322,0.000000,5.021284,1.042548,-0.006593,0.177985,-1.042548,0.006593,0.000000,0.000000,0.000000,0.005306,3573986525.742792,1.000000,0.000000,10.000000
0.000000,5.199851,0.000000,4.972902,1.229932,-0.007533,0.226896,-1.229932,0.007533,0.000000,0.000000,0.000000,0.005285,3573986525.842793,1.000000,0.000000,10.000000
0.000000,5.200379,0.000000,4.872991,1.138051,-0.008077,0.327335,-1.138051,0.008077,0.000000,0.000000,0.000000,0.005265,3573986525.942793,1.000000,0.000000,10.000000
0.000000,5.200904,0.000000,4.830552,1.138699,-0.007682,0.370299,-1.138699,0.007682,0.000000,0.000000,0.000000,0.005244,3573986526.042792,1.000000,0.000000,10.000000
0.000000,5.201427,0.000000,4.717130,1.101943,-0.007503,0.484245,-1.101943,0.007503,0.000000,0.000000,0.000000,0.005224,3573986526.142793,1.000000,0.000000,10.000000
0.000000,5.201948,0.000000,4.736639,1.060459,-0.007185,0.465257,-1.060459,0.007185,0.000000,0.000000,0.000000,0.005203,3573986526.242794,1.000000,0.000000,10.000000
0.000000,5.202467,0.000000,4.531933,0.825034,-0.006408,0.670482,-0.825034,0.006408,0.000000,0.000000,0.000000,0.005183,3573986526.342792,1.000000,0.000000,10.000000
0.000000,5.202984,0.000000,4.516633,0.902479,-0.006011,0.686300,-0.902479,0.006011,0.000000,0.000000,0.000000,0.005163,3573986526.442793,1.000000,0.000000,10.000000
0.000000,5.203500,0.000000,4.594228,1.056489,-0.006659,0.609220,-1.056489,0.006659,0.000000,0.000000,0.000000,0.005143,3573986526.542792,1.000000,0.000000,10.000000
0.000000,5.204013,0.000000,4.447000,1.012517,-0.006759,0.756962,-1.012517,0.006759,0.000000,0.000000,0.000000,0.005123,3573986526.642792,1.000000,0.000000,10.000000
0.000000,5.204524,0.000000,4.418385,1.012419,-0.006475,0.786088,-1.012419,0.006475,0.000000,0.000000,0.000000,0.005103,3573986526.742793,1.000000,0.000000,10.000000
0.000000,5.205033,0.000000,4.314420,1.151830,-0.007297,0.890562,-1.151830,0.007297,0.000000,0.000000,0.000000,0.005083,3573986526.842793,1.000000,0.000000,10.000000
0.000000,5.205540,0.000000,4.299126,1.300699,-0.008304,0.906363,-1.300699,0.008304,0.000000,0.000000,0.000000,0.005064,3573986526.942791,1.000000,0.000000,10.000000
0.000000,5.206045,0.000000,3.977692,1.414895,-0.008912,1.228303,-1.414895,0.008912,0.000000,0.000000,0.000000,0.005044,3573986527.042792,1.000000,0.000000,10.000000
0.000000,5.206548,0.000000,3.993349,1.264842,-0.007877,1.213150,-1.264842,0.007877,0.000000,0.000000,0.000000,0.005024,3573986527.142793,1.000000,0.000000,10.000000
0.000000,5.207050,0.000000,4.053856,1.148059,-0.007997,1.153144,-1.148059,0.007997,0.000000,0.000000,0.000000,0.005005,3573986527.242792,1.000000,0.000000,10.000000
0.000000,5.207549,0.000000,4.033269,1.110542,-0.007294,1.174230,-1.110542,0.007294,0.000000,0.000000,0.000000,0.004985,3573986527.342793,1.000000,0.000000,10.000000
0.000000,5.208046,0.000000,4.055036,1.232363,-0.007600,1.152961,-1.232363,0.007600,0.000000,0.000000,0.000000,0.004966,3573986527.442792,1.000000,0.000000,10.000000
0.000000,5.208542,0.000000,3.973020,1.166608,-0.007332,1.235473,-1.166608,0.007332,0.000000,0.000000,0.000000,0.004947,3573986527.542792,1.000000,0.000000,10.000000
0.000000,5.209035,0.000000,3.682416,0.933487,-0.006347,1.526570,-0.933487,0.006347,0.000000,0.000000,0.000000,0.004927,3573986527.642792,1.000000,0.000000,10.000000
0.000000,5.209527,0.000000,3.433035,0.934235,-0.006372,1.776442,-0.934235,0.006372,0.000000,0.000000,0.000000,0.004908,3573986527.742792,1.000000,0.000000,10.000000
0.000000,5.210016,0.000000,3.443307,0.911817,-0.006007,1.766661,-0.911817,0.006007,0.000000,0.000000,0.000000,0.004889,3573986527.842792,1.000000,0.000000,10.000000
0.000000,5.210504,0.000000,3.499827,0.925600,-0.005944,1.710629,-0.925600,0.005944,0.000000,0.000000,0.000000,0.004870,3573986527.942794,1.000000,0.000000,10.000000
0.000000,5.210990,0.000000,3.498575,0.864841,-0.006095,1.712367,-0.864841,0.006095,0.000000,0.000000,0.000000,0.004851,3573986528.042792,1.000000,0.000000,10.000000
0.000000,5.211474,0.000000,3.553088,0.918584,-0.005630,1.658338,-0.918584,0.005630,0.000000,0.000000,0.000000,0.004832,3573986528.142792,1.000000,0.000000,10.000000
0.000000,5.211956,0.000000,3.662265,0.925135,-0.005976,1.549643,-0.925135,0.005976,0.000000,0.000000,0.000000,0.004814,3573986528.242793,1.000000,0.000000,10.000000
0.000000,5.212436,0.000000,3.719944,0.922062,-0.006039,1.492444,-0.922062,0.006039,0.000000,0.000000,0.000000,0.004795,3573986528.342793,1.000000,0.000000,10.000000
0.000000,5.212915,0.000000,3.831661,0.914335,-0.005655,1.381207,-0.914335,0.005655,0.000000,0.000000,0.000000,0.004776,3573986528.442792,1.000000,0.000000,10.000000
0.000000,5.213391,0.000000,3.953401,0.799023,-0.004883,1.259943,-0.799023,0.004883,0.000000,0.000000,0.000000,0.004758,3573986528.542793,1.000000,0.000000,10.000000
0.000000,5.213866,0.000000,4.141964,0.838955,-0.005433,1.071855,-0.838955,0.005433,0.000000,0.000000,0.000000,0.004739,3573986528.642792,1.000000,0.000000,10.000000
0.000000,5.214339,0.000000,4.105144,0.668269,-0.004597,1.109148,-0.668269,0.004597,0.000000,0.000000,0.000000,0.004721,3573986528.742792,1.000000,0.000000,10.000000
0.000000,5.214810,0.000000,4.198114,0.599435,-0.003325,1.016649,-0.599435,0.003325,0.000000,0.000000,0.000000,0.004702,3573986528.842797,1.000000,0.000000,10.000000
0.000000,5.215279,0.000000,4.162220,0.548883,-0.002521,1.053012,-0.548883,0.002521,0.000000,0.000000,0.000000,0.004684,3573986528.942793,1.000000,0.000000,10.000000
0.000000,5.215746,0.000000,4.228358,0.613232,-0.002707,0.987342,-0.613232,0.002707,0.000000,0.000000,0.000000,0.004666,3573986529.042792,1.000000,0.000000,10.000000
0.000000,5.216212,0.000000,4.518150,0.551568,-0.002191,0.698015,-0.551568,0.002191,0.000000,0.000000,0.000000,0.004648,3573986529.142792,1.000000,0.000000,10.000000
0.000000,5.216675,0.000000,4.680566,0.441522,-0.001327,0.536063,-0.441522,0.001327,0.000000,0.000000,0.000000,0.004630,3573986529.242793,1.000000,0.000000,10.000000
0.000000,5.217137,0.000000,4.730685,0.636021,-0.002111,0.486406,-0.636021,0.002111,0.000000,0.000000,0.000000,0.004612,3573986529.342792,1.000000,0.000000,10.000000
0.000000,5.217597,0.000000,4.846063,0.437721,-0.002726,0.371489,-0.437721,0.002726,0.000000,0.000000,0.000000,0.004594,3573986529.442793,1.000000,0.000000,20.000000
0.000000,5.218056,0.000000,4.590113,0.537021,-0.003119,0.627897,-0.537021,0.003119,0.000000,0.000000,0.000000,0.004576,3573986529.542792,1.000000,0.000000,20.000000
0.000000,5.218512,0.000000,4.466090,0.713995,-0.003421,0.752376,-0.713995,0.003421,0.000000,0.000000,0.000000,0.004558,3573986529.642793,1.000000,0.000000,20.000000
0.000000,5.218967,0.000000,4.311575,0.556031,-0.002833,0.907347,-0.556031,0.002833,0.000000,0.000000,0.000000,0.004540,3573986529.742792,1.000000,0.000000,20.000000
0.000000,5.219420,0.000000,4.313339,0.675272,-0.003201,0.906036,-0.675272,0.003201,0.000000,0.000000,0.000000,0.004523,3573986529.842793,1.000000,0.000000,20.000000
0.000000,5.219871,0.000000,4.188148,0.780186,-0.004128,1.031678,-0.780186,0.004128,0.000000,0.000000,0.000000,0.004505,3573986529.942791,1.000000,0.000000,20.000000
0.000000,5.220321,0.000000,4.176902,0.879213,-0.004427,1.043374,-0.879213,0.004427,0.000000,0.000000,0.000000,0.004488,3573986530.042792,1.000000,0.000000,20.000000
0.000000,5.220768,0.000000,4.334506,0.944416,-0.004604,0.886218,-0.944416,0.004604,0.000000,0.000000,0.000000,0.004470,3573986530.142793,1.000000,0.000000,20.000000
0.000000,5.221214,0.000000,4.238264,0.807458,-0.004194,0.982906,-0.807458,0.004194,0.000000,0.000000,0.000000,0.004453,3573986530.242792,1.000000,0.000000,20.000000
0.000000,5.221659,0.000000,4.093546,0.827647,-0.004189,1.128068,-0.827647,0.004189,0.000000,0.000000,0.000000,0.004436,3573986530.342793,1.000000,0.000000,20.000000
0.000000,5.222101,0.000000,3.938457,0.466822,-0.002357,1.283600,-0.466822,0.002357,0.000000,0.000000,0.000000,0.004418,3573986530.442793,1.000000,0.000000,20.000000
0.000000,5.222542,0.000000,3.978300,0.316086,-0.001804,1.244198,-0.316086,0.001804,0.000000,0.000000,0.000000,0.004401,3573986530.542793,1.000000,0.000000,20.000000
0.000000,5.222981,0.000000,3.873212,0.431052,-0.001548,1.349726,-0.431052,0.001548,0.000000,0.000000,0.000000,0.004384,3573986530.642792,1.000000,0.000000,20.000000
0.000000,5.223418,0.000000,3.908619,0.661332,-0.002238,1.314755,-0.661332,0.002238,0.000000,0.000000,0.000000,0.004367,3573986530.742793,1.000000,0.000000,20.000000
0.000000,5.223854,0.000000,3.947430,0.359603,-0.001362,1.276380,-0.359603,0.001362,0.000000,0.000000,0.000000,0.004350,3573986530.842793,1.000000,0.000000,20.000000
0.000000,5.224288,0.000000,4.151997,0.281176,-0.001782,1.072248,-0.281176,0.001782,0.000000,0.000000,0.000000,0.004333,3573986530.942792,1.000000,0.000000,20.000000
0.000000,5.224720,0.000000,4.374461,0.430174,-0.002333,0.850217,-0.430174,0.002333,0.000000,0.000000,0.000000,0.004316,3573986531.042793,1.000000,0.000000,20.000000
0.000000,5.225151,0.000000,4.056662,0.402122,-0.002465,1.168446,-0.402122,0.002465,0.000000,0.000000,0.000000,0.004299,3573986531.142792,1.000000,0.000000,20.000000
0.000000,5.225580,0.000000,4.061578,0.475506,-0.002702,1.163959,-0.475506,0.002702,0.000000,0.000000,0.000000,0.004283,3573986531.242793,1.000000,0.000000,20.000000
0.000000,5.226007,0.000000,4.254837,0.500775,-0.003087,0.971127,-0.500775,0.003087,0.000000,0.000000,0.000000,0.004266,3573986531.342794,1.000000,0.000000,20.000000
0.000000,5.226433,0.000000,4.523538,0.434786,-0.002939,0.702852,-0.434786,0.002939,0.000000,0.000000,0.000000,0.004249,3573986531.442792,1.000000,0.000000,20.000000
0.000000,5.226857,0.000000,4.471934,0.402506,-0.000671,0.754881,-0.402506,0.000671,0.000000,0.000000,0.000000,0.004233,3573986531.542793,1.000000,0.000000,20.000000
0.000000,5.227279,0.000000,4.495446,0.493310,0.000753,0.731791,-0.493310,-0.000753,0.000000,0.000000,0.000000,0.004216,3573986531.642792,1.000000,0.000000,20.000000
0.000000,5.227700,0.000000,4.464295,0.608799,0.000422,0.763363,-0.608799,-0.000422,0.000000,0.000000,0.000000,0.004200,3573986531.742793,1.000000,0.000000,20.000000
0.000000,5.228119,0.000000,4.451850,0.760472,-0.000238,0.776227,-0.760472,0.000238,0.000000,0.000000,0.000000,0.004184,3573986531.842792,1.000000,0.000000,20.000000
0.000000,5.228536,0.000000,4.548451,0.887361,-0.000908,0.680043,-0.887361,0.000908,0.000000,0.000000,0.000000,0.004167,3573986531.942794,1.000000,0.000000,20.000000
0.000000,5.228952,0.000000,4.411955,1.052967,-0.001462,0.816956,-1.052967,0.001462,0.000000,0.000000,0.000000,0.004151,3573986532.042792,1.000000,0.000000,20.000000
0.000000,5.229366,0.000000,4.470340,1.255880,-0.002849,0.758985,-1.255880,0.002849,0.000000,0.000000,0.000000,0.004135,3573986532.142792,1.000000,0.000000,20.000000
0.000000,5.229779,0.000000,4.701483,1.268376,-0.003066,0.528255,-1.268376,0.003066,0.000000,0.000000,0.000000,0.004119,3573986532.242793,1.000000,0.000000,20.000000
0.000000,5.230190,0.000000,4.840396,1.187560,-0.001983,0.389752,-1.187560,0.001983,0.000000,0.000000,0.000000,0.004103,3573986532.342793,1.000000,0.000000,20.000000
0.000000,5.230599,0.000000,4.760674,1.228522,-0.002226,0.469884,-1.228522,0.002226,0.000000,0.000000,0.000000,0.004087,3573986532.442792,1.000000,0.000000,20.000000
0.000000,5.231007,0.000000,4.629800,1.407482,-0.003579,0.601165,-1.407482,0.003579,0.000000,0.000000,0.000000,0.004071,3573986532.542793,1.000000,0.000000,20.000000
0.000000,5.231413,0.000000,4.360885,1.389416,-0.003662,0.870487,-1.389416,0.003662,0.000000,0.000000,0.000000,0.004055,3573986532.642792,1.000000,0.000000,20.000000
0.000000,5.231817,0.000000,4.342104,1.390403,-0.004018,0.889673,-1.390403,0.004018,0.000000,0.000000,0.000000,0.004040,3573986532.742793,1.000000,0.000000,20.000000
0.000000,5.232220,0.000000,4.454514,1.628418,-0.004698,0.777666,-1.628418,0.004698,0.000000,0.000000,0.000000,0.004024,3573986532.842793,1.000000,0.000000,20.000000
0.000000,5.232622,0.000000,4.543321,1.463215,-0.004479,0.689261,-1.463215,0.004479,0.000000,0.000000,0.000000,0.004008,3573986532.942793,1.000000,0.000000,20.000000
0.000000,5.233022,0.000000,4.514957,1.326958,-0.003784,0.718025,-1.326958,0.003784,0.000000,0.000000,0.000000,0.003993,3573986533.042795,1.000000,0.000000,20.000000
0.000000,5.233420,0.000000,4.389606,1.367342,-0.002851,0.843775,-1.367342,0.002851,0.000000,0.000000,0.000000,0.003977,3573986533.142793,1.000000,0.000000,20.000000
0.000000,5.233817,0.000000,4.613189,1.490894,-0.002912,0.620589,-1.490894,0.002912,0.000000,0.000000,0.000000,0.003962,3573986533.242793,1.000000,0.000000,20.000000
0.000000,5.234212,0.000000,4.620547,1.450065,-0.002942,0.613626,-1.450065,0.002942,0.000000,0.000000,0.000000,0.003946,3573986533.342793,1.000000,0.000000,20.000000
0.000000,5.234606,0.000000,4.680606,1.443426,-0.002813,0.553960,-1.443426,0.002813,0.000000,0.000000,0.000000,0.003931,3573986533.442792,1.000000,0.000000,20.000000
0.000000,5.234998,0.000000,4.347946,1.397046,-0.003333,0.887013,-1.397046,0.003333,0.000000,0.000000,0.000000,0.003916,3573986533.542792,1.000000,0.000000,20.000000
0.000000,5.235389,0.000000,4.362969,1.417165,-0.002844,0.872380,-1.417165,0.002844,0.000000,0.000000,0.000000,0.003900,3573986533.642792,1.000000,0.000000,20.000000
0.000000,5.235778,0.000000,4.356876,1.404075,-0.003135,0.878863,-1.404075,0.003135,0.000000,0.000000,0.000000,0.003885,3573986533.742793,1.000000,0.000000,20.000000
0.000000,5.236165,0.000000,4.219616,1.371274,-0.003164,1.016511,-1.371274,0.003164,0.000000,0.000000,0.000000,0.003870,3573986533.842792,1.000000,0.000000,20.000000
0.000000,5.236551,0.000000,4.345676,1.435337,-0.004823,0.890837,-1.435337,0.004823,0.000000,0.000000,0.000000,0.003855,3573986533.942792,1.000000,0.000000,20.000000
0.000000,5.236936,0.000000,4.088865,1.264664,-0.004274,1.148033,-1.264664,0.004274,0.000000,0.000000,0.000000,0.003840,3573986534.042792,1.000000,0.000000,20.000000
0.000000,5.237319,0.000000,3.998350,1.567311,-0.004941,1.238931,-1.567311,0.004941,0.000000,0.000000,0.000000,0.003825,3573986534.142792,1.000000,0.000000,20.000000
0.000000,5.237701,0.000000,3.985947,1.476606,-0.005180,1.251715,-1.476606,0.005180,0.000000,0.000000,0.000000,0.003810,3573986534.242793,1.000000,0.000000,20.000000
0.000000,5.238081,0.000000,4.037734,1.576048,-0.005206,1.200309,-1.576048,0.005206,0.000000,0.000000,0.000000,0.003795,3573986534.342793,1.000000,0.000000,20.000000
0.000000,5.238460,0.000000,3.940135,1.266237,-0.004245,1.298287,-1.266237,0.004245,0.000000,0.000000,0.000000,0.003781,3573986534.442792,1.000000,0.000000,20.000000
0.000000,5.238837,0.000000,3.883759,1.280720,-0.004005,1.355040,-1.280720,0.004005,0.000000,0.000000,0.000000,0.003766,3573986534.542793,1.000000,0.000000,20.000000
0.000000,5.239213,0.000000,3.842942,1.376308,-0.004084,1.396233,-1.376308,0.004084,0.000000,0.000000,0.000000,0.003751,3573986534.642793,1.000000,0.000000,20.000000
0.000000,5.239587,0.000000,3.634697,1.249292,-0.004062,1.604853,-1.249292,0.004062,0.000000,0.000000,0.000000,0.003737,3573986534.742793,1.000000,0.000000,20.000000
0.000000,5.239960,0.000000,3.758630,1.291897,-0.004405,1.481293,-1.291897,0.004405,0.000000,0.000000,0.000000,0.003722,3573986534.842793,1.000000,0.000000,20.000000
0.000000,5.240331,0.000000,3.822869,1.298195,-0.004522,1.417425,-1.298195,0.004522,0.000000,0.000000,0.000000,0.003708,3573986534.942793,1.000000,0.000000,20.000000
0.000000,5.240701,0.000000,3.867407,1.245164,-0.004852,1.373257,-1.245164,0.004852,0.000000,0.000000,0.000000,0.003693,3573986535.042792,1.000000,0.000000,20.000000
0.000000,5.241069,0.000000,3.788790,1.353812,-0.005824,1.452243,-1.353812,0.005824,0.000000,0.000000,0.000000,0.003679,3573986535.142793,1.000000,0.000000,20.000000
0.000000,5.241436,0.000000,3.630453,1.308712,-0.005272,1.610947,-1.308712,0.005272,0.000000,0.000000,0.000000,0.003665,3573986535.242793,1.000000,0.000000,20.000000
0.000000,5.241802,0.000000,3.559921,1.224844,-0.003818,1.681844,-1.224844,0.003818,0.000000,0.000000,0.000000,0.003650,3573986535.342792,1.000000,0.000000,20.000000
0.000000,5.242166,0.000000,3.419838,1.163425,-0.003559,1.822292,-1.163425,0.003559,0.000000,0.000000,0.000000,0.003636,3573986535.442793,1.000000,0.000000,20.000000
0.000000,5.242529,0.000000,3.390399,1.045156,-0.002984,1.852094,-1.045156,0.002984,0.000000,0.000000,0.000000,0.003622,3573986535.542793,1.000000,0.000000,20.000000
0.000000,5.242890,0.000000,3.536789,1.158705,-0.003570,1.706065,-1.158705,0.003570,0.000000,0.000000,0.000000,0.003608,3573986535.642792,1.000000,0.000000,20.000000
0.000000,5.243250,0.000000,3.435643,1.180574,-0.003069,1.807571,-1.180574,0.003069,0.000000,0.000000,0.000000,0.003594,3573986535.742792,1.000000,0.000000,20.000000
0.000000,5.243609,0.000000,3.501932,1.200414,-0.002850,1.741641,-1.200414,0.002850,0.000000,0.000000,0.000000,0.003580,3573986535.842793,1.000000,0.000000,20.000000
0.000000,5.243966,0.000000,3.813407,1.078672,-0.002781,1.430524,-1.078672,0.002781,0.000000,0.000000,0.000000,0.003566,3573986535.942793,1.000000,0.000000,20.000000
0.000000,5.244322,0.000000,3.915363,1.457562,-0.003522,1.328923,-1.457562,0.003522,0.000000,0.000000,0.000000,0.003552,3573986536.042793,1.000000,0.000000,20.000000
0.000000,5.244676,0.000000,3.863703,1.435773,-0.003463,1.380938,-1.435773,0.003463,0.000000,0.000000,0.000000,0.003538,3573986536.142793,1.000000,0.000000,20.000000
0.000000,5.245029,0.000000,4.108993,1.498732,-0.003832,1.136000,-1.498732,0.003832,0.000000,0.000000,0.000000,0.003525,3573986536.242792,1.000000,0.000000,20.000000
0.000000,5.245381,0.000000,4.353206,1.370701,-0.003534,0.892139,-1.370701,0.003534,0.000000,0.000000,0.000000,0.003511,3573986536.342792,1.000000,0.000000,20.000000
0.000000,5.245731,0.000000,4.243797,1.323805,-0.003652,1.001899,-1.323805,0.003652,0.000000,0.000000,0.000000,0.003497,3573986536.442793,1.000000,0.000000,20.000000
0.000000,5.246080,0.000000,4.117173,1.504680,-0.003750,1.128872,-1.504680,0.003750,0.000000,0.000000,0.000000,0.003484,3573986536.542792,1.000000,0.000000,20.000000
0.000000,5.246428,0.000000,4.090271,1.568043,-0.003764,1.156122,-1.568043,0.003764,0.000000,0.000000,0.000000,0.003470,3573986536.642792,1.000000,0.000000,20.000000
0.000000,5.246774,0.000000,4.017882,1.509130,-0.003898,1.228857,-1.509130,0.003898,0.000000,0.000000,0.000000,0.003457,3573986536.742793,1.000000,0.000000,20.000000
0.000000,5.247119,0.000000,4.028656,1.493822,-0.003711,1.218429,-1.493822,0.003711,0.000000,0.000000,0.000000,0.003443,3573986536.842793,1.000000,0.000000,20.000000
0.000000,5.247462,0.000000,4.084954,1.468177,-0.003056,1.162474,-1.468177,0.003056,0.000000,0.000000,0.000000,0.003430,3573986536.942793,1.000000,0.000000,20.000000
0.000000,5.247804,0.000000,4.037020,1.575515,-0.003305,1.210751,-1.575515,0.003305,0.000000,0.000000,0.000000,0.003416,3573986537.042792,1.000000,0.000000,20.000000
0.000000,5.248145,0.000000,3.944035,1.652621,-0.003478,1.304076,-1.652621,0.003478,0.000000,0.000000,0.000000,0.003403,3573986537.142792,1.000000,0.000000,20.000000
0.000000,5.248485,0.000000,3.932860,1.752146,-0.003138,1.315591,-1.752146,0.003138,0.000000,0.000000,0.000000,0.003390,3573986537.242793,1.000000,0.000000,20.000000
0.000000,5.248823,0.000000,3.761121,1.532571,-0.002856,1.487668,-1.532571,0.002856,0.000000,0.000000,0.000000,0.003377,3573986537.342793,1.000000,0.000000,20.000000
0.000000,5.249160,0.000000,3.997252,1.571739,-0.003057,1.251874,-1.571739,0.003057,0.000000,0.000000,0.000000,0.003364,3573986537.442792,1.000000,0.000000,20.000000
0.000000,5.249495,0.000000,4.322349,1.587386,-0.002917,0.927112,-1.587386,0.002917,0.000000,0.000000,0.000000,0.003351,3573986537.542793,1.000000,0.000000,20.000000
0.000000,5.249830,0.000000,4.543769,1.680576,-0.003321,0.706027,-1.680576,0.003321,0.000000,0.000000,0.000000,0.003337,3573986537.642793,1.000000,0.000000,20.000000
0.000000,5.250163,0.000000,4.536055,1.504619,-0.002804,0.714075,-1.504619,0.002804,0.000000,0.000000,0.000000,0.003324,3573986537.742792,1.000000,0.000000,20.000000
0.000000,5.250494,0.000000,4.570150,1.452774,-0.002729,0.680311,-1.452774,0.002729,0.000000,0.000000,0.000000,0.003312,3573986537.842792,1.000000,0.000000,20.000000
0.000000,5.250825,0.000000,4.776476,1.516110,-0.002436,0.474315,-1.516110,0.002436,0.000000,0.000000,0.000000,0.003299,3573986537.942793,1.000000,0.000000,20.000000
0.000000,5.251154,0.000000,4.824340,1.403800,-0.002163,0.426781,-1.403800,0.002163,0.000000,0.000000,0.000000,0.003286,3573986538.042792,1.000000,0.000000,20.000000
0.000000,5.251482,0.000000,5.083528,1.321355,-0.002077,0.167921,-1.321355,0.002077,0.000000,0.000000,0.000000,0.003273,3573986538.142794,1.000000,0.000000,20.000000
0.000000,5.251808,0.000000,5.189022,1.269150,-0.002008,0.062754,-1.269150,0.002008,0.000000,0.000000,0.000000,0.003260,3573986538.242793,1.000000,0.000000,20.000000
0.000000,5.252133,0.000000,5.295585,1.437382,-0.002573,-0.043484,-1.437382,0.002573,0.000000,0.000000,0.000000,0.003248,3573986538.342792,1.000000,0.000000,30.000000
0.000000,5.252457,0.000000,5.181217,1.510924,-0.003065,0.071208,-1.510924,0.003065,0.000000,0.000000,0.000000,0.003235,3573986538.442793,1.000000,0.000000,30.000000
0.000000,5.252780,0.000000,5.080774,1.394462,-0.002958,0.171974,-1.394462,0.002958,0.000000,0.000000,0.000000,0.003222,3573986538.542792,1.000000,0.000000,30.000000
0.000000,5.253102,0.000000,5.203939,1.347118,-0.003177,0.049131,-1.347118,0.003177,0.000000,0.000000,0.000000,0.003210,3573986538.642792,1.000000,0.000000,30.000000
0.000000,5.253422,0.000000,5.249304,1.318332,-0.003500,0.004086,-1.318332,0.003500,0.000000,0.000000,0.000000,0.003197,3573986538.742793,1.000000,0.000000,30.000000
0.000000,5.253741,0.000000,5.188044,1.324571,-0.003198,0.065665,-1.324571,0.003198,0.000000,0.000000,0.000000,0.003185,3573986538.842793,1.000000,0.000000,30.000000
0.000000,5.254059,0.000000,5.395341,1.409695,-0.003308,-0.141314,-1.409695,0.003308,0.000000,0.000000,0.000000,0.003173,3573986538.942792,1.000000,0.000000,30.000000
0.000000,5.254375,0.000000,5.523938,1.328226,0.000613,-0.269595,-1.328226,-0.000613,0.000000,0.000000,0.000000,0.003160,3573986539.042793,1.000000,0.000000,30.000000
0.000000,5.254690,0.000000,5.566463,1.406226,0.001212,-0.311804,-1.406226,-0.001212,0.000000,0.000000,0.000000,0.003148,3573986539.142793,1.000000,0.000000,30.000000
0.000000,5.255004,0.000000,5.585051,1.281632,0.001242,-0.330078,-1.281632,-0.001242,0.000000,0.000000,0.000000,0.003136,3573986539.242793,1.000000,0.000000,30.000000
0.000000,5.255317,0.000000,5.881001,1.260621,0.001601,-0.625715,-1.260621,-0.001601,0.000000,0.000000,0.000000,0.003124,3573986539.342793,1.000000,0.000000,30.000000
0.000000,5.255629,0.000000,6.032916,0.905901,0.002644,-0.777318,-0.905901,-0.002644,0.000000,0.000000,0.000000,0.003111,3573986539.442793,1.000000,0.000000,30.000000
0.000000,5.255939,0.000000,5.816465,0.781668,0.003872,-0.560557,-0.781668,-0.003872,0.000000,0.000000,0.000000,0.003099,3573986539.542792,1.000000,0.000000,30.000000
0.000000,5.256249,0.000000,5.791216,0.812036,0.009030,-0.534998,-0.812036,-0.009030,0.000000,0.000000,0.000000,0.003087,3573986539.642793,1.000000,0.000000,30.000000
0.000000,5.256557,0.000000,5.737753,0.855005,0.008503,-0.481228,-0.855005,-0.008503,0.000000,0.000000,0.000000,0.003075,3573986539.742793,1.000000,0.000000,30.000000
0.000000,5.256863,0.000000,5.871846,0.805240,0.002130,-0.615013,-0.805240,-0.002130,0.000000,0.000000,0.000000,0.003063,3573986539.842793,1.000000,0.000000,30.000000
0.000000,5.257169,0.000000,5.556748,0.963377,0.003277,-0.299609,-0.963377,-0.003277,0.000000,0.000000,0.000000,0.003051,3573986539.942793,1.000000,0.000000,30.000000
0.000000,5.257473,0.000000,5.520351,1.138096,0.002523,-0.262908,-1.138096,-0.002523,0.000000,0.000000,0.000000,0.003039,3573986540.042793,1.000000,0.000000,30.000000
0.000000,5.257777,0.000000,5.301792,1.064211,0.002485,-0.044045,-1.064211,-0.002485,0.000000,0.000000,0.000000,0.003028,3573986540.142793,1.000000,0.000000,30.000000
0.000000,5.258079,0.000000,5.058627,1.143416,0.001944,0.199422,-1.143416,-0.001944,0.000000,0.000000,0.000000,0.003016,3573986540.242794,1.000000,0.000000,30.000000
0.000000,5.258380,0.000000,5.063843,1.256493,0.001697,0.194506,-1.256493,-0.001697,0.000000,0.000000,0.000000,0.003004,3573986540.342793,1.000000,0.000000,30.000000
0.000000,5.258679,0.000000,5.068351,1.130357,0.001537,0.190299,-1.130357,-0.001537,0.000000,0.000000,0.000000,0.002992,3573986540.442792,1.000000,0.000000,30.000000
0.000000,5.258978,0.000000,5.201728,1.203191,0.001425,0.057220,-1.203191,-0.001425,0.000000,0.000000,0.000000,0.002981,3573986540.542793,1.000000,0.000000,30.000000
0.000000,5.259275,0.000000,4.972629,1.247145,0.001590,0.286616,-1.247145,-0.001590,0.000000,0.000000,0.000000,0.002969,3573986540.642794,1.000000,0.000000,30.000000
0.000000,5.259571,0.000000,4.820898,1.003897,0.001493,0.438644,-1.003897,-0.001493,0.000000,0.000000,0.000000,0.002958,3573986540.742793,1.000000,0.000000,30.000000
0.000000,5.259866,0.000000,NaN,NaN,NaN,NaN,NaN,NaN,0.000000,0.000000,0.000000,0.002946,3573986540.842792,1.000000,0.000000,30.000000
0.000000,5.260160,0.000000,NaN,NaN,NaN,NaN,NaN,NaN,0.000000,0.000000,0.000000,0.002935,3573986540.942793,1.000000,0.000000,30.000000
0.000000,5.260453,0.000000,NaN,NaN,NaN,NaN,NaN,NaN,0.000000,0.000000,0.000000,0.002923,3573986541.042792,1.000000,0.000000,30.000000
0.000000,5.260745,0.000000,NaN,NaN,NaN,NaN,NaN,NaN,0.000000,0.000000,0.000000,0.002912,3573986541.142793,1.000000,0.000000,30.000000
0.000000,5.261035,0.000000,NaN,NaN,NaN,NaN,NaN,NaN,0.000000,0.000000,0.000000,0.002901,3573986541.242793,1.000000,0.000000,30.000000
0.000000,5.261325,0.000000,NaN,NaN,NaN,NaN,NaN,NaN,0.000000,0.000000,0.000000,0.002889,3573986541.342792,1.000000,0.000000,30.000000
0.000000,5.261613,0.000000,NaN,NaN,NaN,NaN,NaN,NaN,0.000000,0.000000,0.000000,0.002878,3573986541.442793,1.000000,0.000000,30.000000
0.000000,5.261900,0.000000,NaN,NaN,NaN,NaN,NaN,NaN,0.000000,0.000000,0.000000,0.002867,3573986541.542793,1.000000,0.000000,30.000000
0.000000,5.262186,0.000000,NaN,NaN,NaN,NaN,NaN,NaN,0.000000,0.000000,0.000000,0.002856,3573986541.642792,1.000000,0.000000,30.000000
0.000000,5.262471,0.000000,NaN,NaN,NaN,NaN,NaN,NaN,0.000000,0.000000,0.000000,0.002845,3573986541.742793,1.000000,0.000000,30.000000
0.000000,5.262755,0.000000,NaN,NaN,NaN,NaN,NaN,NaN,0.000000,0.000000,0.000000,0.002833,3573986541.842793,1.000000,0.000000,30.000000
0.000000,5.263037,0.000000,NaN,NaN,NaN,NaN,NaN,NaN,0.000000,0.000000,0.000000,0.002822,3573986541.942793,1.000000,0.000000,30.000000
0.000000,5.263319,0.000000,NaN,NaN,NaN,NaN,NaN,NaN,0.000000,0.000000,0.000000,0.002811,3573986542.042792,1.000000,0.000000,30.000000
0.000000,5.263599,0.000000,NaN,NaN,NaN,NaN,NaN,NaN,0.000000,0.000000,0.000000,0.002801,3573986542.142792,1.000000,0.000000,30.000000
0.000000,5.263879,0.000000,NaN,NaN,NaN,NaN,NaN,NaN,0.000000,0.000000,0.000000,0.002790,3573986542.242793,1.000000,0.000000,30.000000
0.000000,5.264157,0.000000,NaN,NaN,NaN,NaN,NaN,NaN,0.000000,0.000000,0.000000,0.002779,3573986542.342793,1.000000,0.000000,30.000000
0.000000,5.264434,0.000000,NaN,NaN,NaN,NaN,NaN,NaN,0.000000,0.000000,0.000000,0.002768,3573986542.442793,1.000000,0.000000,30.000000
0.000000,5.264711,0.000000,NaN,NaN,NaN,NaN,NaN,NaN,0.000000,0.000000,0.000000,0.002757,3573986542.542793,1.000000,0.000000,30.000000
0.000000,5.264986,0.000000,NaN,NaN,NaN,NaN,NaN,NaN,0.000000,0.000000,0.000000,0.002746,3573986542.642793,1.000000,0.000000,30.000000
0.000000,5.265260,0.000000,NaN,NaN,NaN,NaN,NaN,NaN,0.000000,0.000000,0.000000,0.002736,3573986542.742793,1.000000,0.000000,30.000000
0.000000,5.265533,0.000000,NaN,NaN,NaN,NaN,NaN,NaN,0.000000,0.000000,0.000000,0.002725,3573986542.842793,1.000000,0.000000,30.000000
0.000000,5.265804,0.000000,NaN,NaN,NaN,NaN,NaN,NaN,0.000000,0.000000,0.000000,0.002715,3573986542.942793,1.000000,0.000000,30.000000
0.000000,5.266075,0.000000,NaN,NaN,NaN,NaN,NaN,NaN,0.000000,0.000000,0.000000,0.002704,3573986543.042793,1.000000,0.000000,30.000000
0.000000,5.266345,0.000000,NaN,NaN,NaN,NaN,NaN,NaN,0.000000,0.000000,0.000000,0.002693,3573986543.142792,1.000000,0.000000,30.000000
0.000000,5.266614,0.000000,NaN,NaN,NaN,NaN,NaN,NaN,0.000000,0.000000,0.000000,0.002683,3573986543.242794,1.000000,0.000000,30.000000
0.000000,5.266881,0.000000,NaN,NaN,NaN,NaN,NaN,NaN,0.000000,0.000000,0.000000,0.002673,3573986543.342793,1.000000,0.000000,30.000000
0.000000,5.267148,0.000000,NaN,NaN,NaN,NaN,NaN,NaN,0.000000,0.000000,0.000000,0.002662,3573986543.442792,1.000000,0.000000,30.000000
0.000000,5.267414,0.000000,NaN,NaN,NaN,NaN,NaN,NaN,0.000000,0.000000,0.000000,0.002652,3573986543.542793,1.000000,0.000000,30.000000
0.000000,5.267678,0.000000,NaN,NaN,NaN,NaN,NaN,NaN,0.000000,0.000000,0.000000,0.002641,3573986543.642792,1.000000,0.000000,30.000000
0.000000,5.267942,0.000000,NaN,NaN,NaN,NaN,NaN,NaN,0.000000,0.000000,0.000000,0.002631,3573986543.742792,1.000000,0.000000,30.000000
0.000000,5.268204,0.000000,NaN,NaN,NaN,NaN,NaN,NaN,0.000000,0.000000,0.000000,0.002621,3573986543.842792,1.000000,0.000000,30.000000
0.000000,5.268466,0.000000,NaN,NaN,NaN,NaN,NaN,NaN,0.000000,0.000000,0.000000,0.002611,3573986543.942793,1.000000,0.000000,30.000000
0.000000,5.268726,0.000000,NaN,NaN,NaN,NaN,NaN,NaN,0.000000,0.000000,0.000000,0.002601,3573986544.042791,1.000000,0.000000,30.000000
0.000000,5.268986,0.000000,NaN,NaN,NaN,NaN,NaN,NaN,0.000000,0.000000,0.000000,0.002590,3573986544.142793,1.000000,0.000000,30.000000
0.000000,5.269244,0.000000,NaN,NaN,NaN,NaN,NaN,NaN,0.000000,0.000000,0.000000,0.002580,3573986544.242794,1.000000,0.000000,30.000000
0.000000,5.269502,0.000000,NaN,NaN,NaN,NaN,NaN,NaN,0.000000,0.000000,0.000000,0.002570,3573986544.342792,1.000000,0.000000,30.000000
0.000000,5.269758,0.000000,NaN,NaN,NaN,NaN,NaN,NaN,0.000000,0.000000,0.000000,0.002560,3573986544.442793,1.000000,0.000000,30.000000
0.000000,5.270013,0.000000,NaN,NaN,NaN,NaN,NaN,NaN,0.000000,0.000000,0.000000,0.002550,3573986544.542793,1.000000,0.000000,30.000000
0.000000,5.270268,0.000000,NaN,NaN,NaN,NaN,NaN,NaN,0.000000,0.000000,0.000000,0.002540,3573986544.642792,1.000000,0.000000,30.000000
0.000000,5.270521,0.000000,NaN,NaN,NaN,NaN,NaN,NaN,0.000000,0.000000,0.000000,0.002531,3573986544.742793,1.000000,0.000000,30.000000
0.000000,5.270774,0.000000,NaN,NaN,NaN,NaN,NaN,NaN,0.000000,0.000000,0.000000,0.002521,3573986544.842793,1.000000,0.000000,30.000000
0.000000,5.271025,0.000000,NaN,NaN,NaN,NaN,NaN,NaN,0.000000,0.000000,0.000000,0.002511,3573986544.942793,1.000000,0.000000,30.000000
0.000000,5.271276,0.000000,NaN,NaN,NaN,NaN,NaN,NaN,0.000000,0.000000,0.000000,0.002501,3573986545.042792,1.000000,0.000000,30.000000
0.000000,5.271525,0.000000,NaN,NaN,NaN,NaN,NaN,NaN,0.000000,0.000000,0.000000,0.002491,3573986545.142793,1.000000,0.000000,30.000000
0.000000,5.271774,0.000000,NaN,NaN,NaN,NaN,NaN,NaN,0.000000,0.000000,0.000000,0.002482,3573986545.242793,1.000000,0.000000,30.000000
0.000000,5.272021,0.000000,NaN,NaN,NaN,NaN,NaN,NaN,0.000000,0.000000,0.000000,0.002472,3573986545.342793,1.000000,0.000000,30.000000
0.000000,5.272268,0.000000,NaN,NaN,NaN,NaN,NaN,NaN,0.000000,0.000000,0.000000,0.002462,3573986545.442793,1.000000,0.000000,30.000000
0.000000,5.272514,0.000000,NaN,NaN,NaN,NaN,NaN,NaN,0.000000,0.000000,0.000000,0.002453,3573986545.542792,1.000000,0.000000,30.000000
0.000000,5.272758,0.000000,NaN,NaN,NaN,NaN,NaN,NaN,0.000000,0.000000,0.000000,0.002443,3573986545.642792,1.000000,0.000000,30.000000
0.000000,5.273002,0.000000,NaN,NaN,NaN,NaN,NaN,NaN,0.000000,0.000000,0.000000,0.002434,3573986545.742793,1.000000,0.000000,30.000000
0.000000,5.273245,0.000000,NaN,NaN,NaN,NaN,NaN,NaN,0.000000,0.000000,0.000000,0.002424,3573986545.842793,1.000000,0.000000,30.000000
0.000000,5.273487,0.000000,NaN,NaN,NaN,NaN,NaN,NaN,0.000000,0.000000,0.000000,0.002415,3573986545.942793,1.000000,0.000000,30.000000
0.000000,5.273728,0.000000,NaN,NaN,NaN,NaN,NaN,NaN,0.000000,0.000000,0.000000,0.002405,3573986546.042793,1.000000,0.000000,30.000000
0.000000,5.273968,0.000000,NaN,NaN,NaN,NaN,NaN,NaN,0.000000,0.000000,0.000000,0.002396,3573986546.142792,1.000000,0.000000,30.000000
0.000000,5.274207,0.000000,NaN,NaN,NaN,NaN,NaN,NaN,0.000000,0.000000,0.000000,0.002387,3573986546.242793,1.000000,0.000000,30.000000
0.000000,5.274445,0.000000,NaN,NaN,NaN,NaN,NaN,NaN,0.000000,0.000000,0.000000,0.002378,3573986546.342793,1.000000,0.000000,30.000000
0.000000,5.274682,0.000000,NaN,NaN,NaN,NaN,NaN,NaN,0.000000,0.000000,0.000000,0.002368,3573986546.442791,1.000000,0.000000,30.000000
0.000000,5.274918,0.000000,NaN,NaN,NaN,NaN,NaN,NaN,0.000000,0.000000,0.000000,0.002359,3573986546.542793,1.000000,0.000000,30.000000
0.000000,5.275154,0.000000,NaN,NaN,NaN,NaN,NaN,NaN,0.000000,0.000000,0.000000,0.002350,3573986546.642793,1.000000,0.000000,30.000000
0.000000,5.275388,0.000000,NaN,NaN,NaN,NaN,NaN,NaN,0.000000,0.000000,0.000000,0.002341,3573986546.742793,1.000000,0.000000,30.000000
0.000000,5.275622,0.000000,NaN,NaN,NaN,NaN,NaN,NaN,0.000000,0.000000,0.000000,0.002332,3573986546.842793,1.000000,0.000000,30.000000
0.000000,5.275854,0.000000,NaN,NaN,NaN,NaN,NaN,NaN,0.000000,0.000000,0.000000,0.002323,3573986546.942791,1.000000,0.000000,30.000000
0.000000,5.276086,0.000000,NaN,NaN,NaN,NaN,NaN,NaN,0.000000,0.000000,0.000000,0.002314,3573986547.042792,1.000000,0.000000,30.000000
0.000000,5.276317,0.000000,NaN,NaN,NaN,NaN,NaN,NaN,0.000000,0.000000,0.000000,0.002305,3573986547.142792,1.000000,0.000000,30.000000
0.000000,5.276547,0.000000,NaN,NaN,NaN,NaN,NaN,NaN,0.000000,0.000000,0.000000,0.002296,3573986547.242794,1.000000,0.000000,30.000000
0.000000,5.276776,0.000000,NaN,NaN,NaN,NaN,NaN,NaN,0.000000,0.000000,0.000000,0.002287,3573986547.342792,1.000000,0.000000,30.000000
0.000000,5.277004,0.000000,NaN,NaN,NaN,NaN,NaN,NaN,0.000000,0.000000,0.000000,0.002278,3573986547.442792,1.000000,0.000000,30.000000
0.000000,5.277231,0.000000,NaN,NaN,NaN,NaN,NaN,NaN,0.000000,0.000000,0.000000,0.002269,3573986547.542792,1.000000,0.000000,30.000000
